id,coherence,consistency,fluency,relevance
dm-test-6f027d030f9ca86446dc893f1d10ced4c9a3561f,4,5,3,4
dm-test-8b51a10370a1219137e231192e65b9cd52238ea6,4,4,4,4
dm-test-8b59fa7715418c4bcc0d50e3caeb239129de453e,4,5,3,5
dm-test-e428e25bbf8e06643154ce31b7c6fab64c81e857,3,4,3,4
dm-test-b5925c1a02fa9a8f6b1d5ad764c19a732deac0df,5,5,5,5
cnn-test-88c2481234e763c9bbc68d0ab1be1d2375c1349a,5,5,5,5
dm-test-dea0ed2e587495e516ac85056e21a2076a9a993c,4,5,4,4
cnn-test-e49792c337d3f4c13e22f710efa44cf6a4e59aba,2,2,2,3
cnn-test-5139ccfabee55ddb83e7937f5802c0a67aee8975,4,5,4,5
cnn-test-a02e362c5b8f049848ce718b37b96117485461cf,3,5,4,4
dm-test-9afda3cde191a883d8c166ceb5765eb53205d8f4,3,4,3,3
dm-test-632cfdb03aacd90a34a470f6a70b47eee62ec5f0,4,4,4,4
dm-test-9b5a04b9879fe716a2dcd66dd331f99534603c16,3,4,3,4
dm-test-0cdd7cdb5d99c36f25f1f4fa0e962d558f7ff07b,4,5,4,4
cnn-test-a02e362c5b8f049848ce718b37b96117485461cf,3,4,2,4
dm-test-4f3b35b540ba05f0f82d71a694ec23dde4dc3e01,4,4,3,4
cnn-test-5139ccfabee55ddb83e7937f5802c0a67aee8975,4,5,5,4
dm-test-6721edf88c95f480a4db2c63649dbb03736aeadf,5,5,5,5
cnn-test-404f859482d47c127868964a9a39d1a7645dd2e9,5,5,5,5
dm-test-2cfc33d01364162579f46b2764914a03a29453ce,3,4,3,4
dm-test-051db270afc32571a08c15124330efe89d80fea8,2,2,2,2
dm-test-02c955067d00f38b6978b805d5a8701a787f78ac,4,5,4,4
dm-test-31114653cd606fd3f4b1035f98dedd71f8282cd2,4,5,3,5
dm-test-2cfc33d01364162579f46b2764914a03a29453ce,4,5,3,5
dm-test-a3b6201aca77b5bdaa5df02d6acee2be66233237,2,2,2,3
dm-test-998cb27197db1fd299aff3322ac041ba4bf1148f,4,5,3,5
dm-test-d3c9ce137ba24a69253508b3416630465c050ae4,3,4,3,4
dm-test-c16c9fa34ccae7e2b9e29c3988ccb74974c4b3c0,4,4,4,5
dm-test-e880fda4c25289f8325574246f0f8ed4ff5eb26b,4,4,3,4
dm-test-207df192edc1836250b69d1bc5b9e6a38206eb78,3,4,3,4
dm-test-0cdd7cdb5d99c36f25f1f4fa0e962d558f7ff07b,4,5,4,5
dm-test-e880fda4c25289f8325574246f0f8ed4ff5eb26b,4,3,3,4
dm-test-051db270afc32571a08c15124330efe89d80fea8,5,4,5,5
dm-test-6f027d030f9ca86446dc893f1d10ced4c9a3561f,4,5,2,4
dm-test-2c6695b438980783754f7db28129ec2fbb3e6e21,3,4,2,4
dm-test-14c813567696f4e63a39993c09d4edb454036179,3,4,3,4
dm-test-d89de9c2a76f2665560becfe5d761a4fc62b9926,3,4,2,3
dm-test-e43eef75de38d246db9d80216ca9f5487215a78b,4,4,3,4
dm-test-6721edf88c95f480a4db2c63649dbb03736aeadf,4,5,4,3
dm-test-8b59fa7715418c4bcc0d50e3caeb239129de453e,3,4,3,4
dm-test-b5925c1a02fa9a8f6b1d5ad764c19a732deac0df,4,5,5,4
dm-test-2cf8c2d1d2ceb1980249f77e703f9039e63799d0,4,5,3,4
dm-test-2c37d44d03ce2e91310339d884d33ee5aabf9abc,5,5,4,5
dm-test-b1f6faac3f406edca1e0cad8cce1319c83e62605,2,3,4,2
dm-test-3ba3bde4a1440134bb38ec22ba50db59986b544c,3,2,2,2
dm-test-f26d8400ae49b90d109c165d0f44b8f6ca253c08,5,5,3,4
dm-test-d89de9c2a76f2665560becfe5d761a4fc62b9926,4,4,3,4
dm-test-0783c68a744df6afa009d16e72709f2b4d90dea1,2,3,2,2
dm-test-f37fd6e9b6cc18a7132568e307ef3b130931e809,4,5,4,5
dm-test-2c37d44d03ce2e91310339d884d33ee5aabf9abc,3,4,3,4
dm-test-5be0a9584b051175d9f4842a143b76385335d96a,4,5,3,5
cnn-test-5139ccfabee55ddb83e7937f5802c0a67aee8975,5,5,4,5
dm-test-c50d33e9749e7bb484d9b69c4f5fca35a3a50cb5,3,2,2,4
dm-test-2c6695b438980783754f7db28129ec2fbb3e6e21,5,5,5,5
dm-test-d83b82a9cd504218e604616be3f3c3928e3428b8,4,4,3,4
dm-test-4e0de0ec6d5b9df174f54d03158de8f30aac861f,2,4,3,4
cnn-test-bcdb32ae644040a721da880fff9c1d502048cd8b,4,4,3,4
dm-test-31114653cd606fd3f4b1035f98dedd71f8282cd2,5,5,5,5
dm-test-d89de9c2a76f2665560becfe5d761a4fc62b9926,2,2,3,2
dm-test-4f3b35b540ba05f0f82d71a694ec23dde4dc3e01,4,5,4,5
dm-test-0783c68a744df6afa009d16e72709f2b4d90dea1,3,2,2,3
dm-test-8b59fa7715418c4bcc0d50e3caeb239129de453e,2,2,3,2
dm-test-051db270afc32571a08c15124330efe89d80fea8,4,5,4,4
dm-test-9beaaf73e4517d5bf1bc284f386485d571da96cf,4,5,4,5
dm-test-096e418a953af86df0d1560bec95bc7bfee2e34b,2,1,2,2
cnn-test-a02e362c5b8f049848ce718b37b96117485461cf,2,3,3,2
dm-test-e428e25bbf8e06643154ce31b7c6fab64c81e857,5,5,3,5
dm-test-2feca9acf532e33f1ab7442c442c8e19787d8d7b,2,2,2,3
dm-test-2c37d44d03ce2e91310339d884d33ee5aabf9abc,4,4,4,3
dm-test-1749a22e2b6facaa057213cb9b33261b319bbd2b,4,4,3,4
dm-test-97bbda7ec22a736cd174b51513c72a6372d13d35,2,2,2,2
dm-test-5be0a9584b051175d9f4842a143b76385335d96a,4,5,4,5
dm-test-2cfc33d01364162579f46b2764914a03a29453ce,3,2,3,2
dm-test-e880fda4c25289f8325574246f0f8ed4ff5eb26b,3,2,2,3
dm-test-97bbda7ec22a736cd174b51513c72a6372d13d35,3,4,2,4
dm-test-7cba80e83b222801fed8d6f96e8c0aa381c54b28,4,5,3,4
dm-test-e880fda4c25289f8325574246f0f8ed4ff5eb26b,4,4,4,4
cnn-test-bcdb32ae644040a721da880fff9c1d502048cd8b,4,5,5,3
cnn-test-404f859482d47c127868964a9a39d1a7645dd2e9,2,2,2,2
dm-test-d83b82a9cd504218e604616be3f3c3928e3428b8,4,4,3,4
dm-test-26e4e19d945cedcb489f28808c730658139c9415,4,5,4,5
dm-test-0783c68a744df6afa009d16e72709f2b4d90dea1,2,4,2,4
dm-test-f26d8400ae49b90d109c165d0f44b8f6ca253c08,5,5,5,5
dm-test-801763443e6c73e3857039f2223798b2b58bef19,4,5,4,5
dm-test-096e418a953af86df0d1560bec95bc7bfee2e34b,5,5,5,4
dm-test-0f0789390d67698283cc87b2e046b5c5cd77edb7,3,4,2,4
dm-test-2cfc33d01364162579f46b2764914a03a29453ce,4,5,3,4
dm-test-1749a22e2b6facaa057213cb9b33261b319bbd2b,4,5,3,5
dm-test-97bbda7ec22a736cd174b51513c72a6372d13d35,4,2,3,4
dm-test-f468efac7b3c54f8c42c2c81dff108c52ebe0d7d,2,1,3,4
dm-test-e880fda4c25289f8325574246f0f8ed4ff5eb26b,3,5,3,4
dm-test-e470f0a87d7513bf880412524332047020422c3f,5,5,4,4
cnn-test-404f859482d47c127868964a9a39d1a7645dd2e9,4,5,4,3
dm-test-808a439a5d83fc47baaea934c8779a7ebc62470d,2,1,2,1
dm-test-54b857a66cbd8473d6732e5da52d48612e636a37,4,4,3,3
dm-test-5be0a9584b051175d9f4842a143b76385335d96a,4,5,4,5
dm-test-207df192edc1836250b69d1bc5b9e6a38206eb78,4,5,4,5
dm-test-2c37d44d03ce2e91310339d884d33ee5aabf9abc,4,5,4,4
dm-test-9d0fcbd873927674d12aafce4ae7754fd591d4e2,3,2,2,4
dm-test-3ba3bde4a1440134bb38ec22ba50db59986b544c,4,4,4,3
dm-test-9afda3cde191a883d8c166ceb5765eb53205d8f4,3,4,2,4
dm-test-31114653cd606fd3f4b1035f98dedd71f8282cd2,4,4,4,4
dm-test-b5925c1a02fa9a8f6b1d5ad764c19a732deac0df,4,5,4,4
dm-test-e470f0a87d7513bf880412524332047020422c3f,3,4,3,4
dm-test-23e8c1d71474d239aa9ae37b9a05031b0054b8ce,3,4,2,5
dm-test-3ba3bde4a1440134bb38ec22ba50db59986b544c,2,2,3,3
dm-test-8bc8f134bc3ceaeec0df8f29e96e13d319717ab8,3,4,3,4
dm-test-4fb64a2298e18626db776fccf834be87388827e0,4,2,3,4
dm-test-632cfdb03aacd90a34a470f6a70b47eee62ec5f0,5,4,5,5
cnn-test-88c2481234e763c9bbc68d0ab1be1d2375c1349a,3,4,3,2
dm-test-998cb27197db1fd299aff3322ac041ba4bf1148f,4,5,2,5
dm-test-8b51a10370a1219137e231192e65b9cd52238ea6,3,4,3,4
dm-test-e7d8b6617691ea00d4ddc5fe2b7cbd105ba9a57e,4,5,4,5
dm-test-1747dcd6a007ee97954b6b10cde549bf82f6a4eb,4,4,3,4
dm-test-2feca9acf532e33f1ab7442c442c8e19787d8d7b,4,4,2,4
dm-test-e428e25bbf8e06643154ce31b7c6fab64c81e857,5,5,5,5
dm-test-f5fead94ee884800e84a212cc0edc78b11c4ba9f,2,4,3,2
cnn-test-d75b043ebefc3098aea84d92bb8bec0f509b1563,2,3,2,3
cnn-test-88c2481234e763c9bbc68d0ab1be1d2375c1349a,2,3,2,1
dm-test-d89de9c2a76f2665560becfe5d761a4fc62b9926,5,5,5,5
dm-test-dea0ed2e587495e516ac85056e21a2076a9a993c,4,4,3,4
dm-test-2c6695b438980783754f7db28129ec2fbb3e6e21,2,1,2,2
dm-test-26e4e19d945cedcb489f28808c730658139c9415,3,2,4,3
dm-test-f26d8400ae49b90d109c165d0f44b8f6ca253c08,3,4,3,3
cnn-test-e49792c337d3f4c13e22f710efa44cf6a4e59aba,4,5,4,3
dm-test-dea0ed2e587495e516ac85056e21a2076a9a993c,4,5,5,4
dm-test-801763443e6c73e3857039f2223798b2b58bef19,3,4,3,4
dm-test-54b857a66cbd8473d6732e5da52d48612e636a37,2,2,2,3
dm-test-f37fd6e9b6cc18a7132568e307ef3b130931e809,5,5,5,5
dm-test-4f3b35b540ba05f0f82d71a694ec23dde4dc3e01,5,5,4,4
dm-test-d680ebcdcd59fd5ee9b602a06bcd5230c212835b,3,3,4,4
dm-test-46609841ffd23e9c22d1507edf7b176ecc4d834f,4,5,3,4
dm-test-bd4684a0f5af5dd6ac88d2fb50f902bd7f10217b,3,4,3,3
dm-test-2feca9acf532e33f1ab7442c442c8e19787d8d7b,4,4,3,4
dm-test-3ba3bde4a1440134bb38ec22ba50db59986b544c,2,2,3,2
cnn-test-b8b6e729fff27c4eef87887e61d3448de9c063f6,4,4,3,4
dm-test-4001b252a072ac149c70840b22299cc6cfab3bae,3,5,2,4
dm-test-2feca9acf532e33f1ab7442c442c8e19787d8d7b,2,4,2,4
dm-test-fadabe346fe95d33eee71299e6596754768f5246,3,5,2,5
dm-test-f468efac7b3c54f8c42c2c81dff108c52ebe0d7d,2,4,2,5
dm-test-f37fd6e9b6cc18a7132568e307ef3b130931e809,3,2,4,3
dm-test-d3c9ce137ba24a69253508b3416630465c050ae4,4,5,4,4
dm-test-6721edf88c95f480a4db2c63649dbb03736aeadf,3,5,2,5
dm-test-8e6c8aec6808f66ed0342e128a4e146f3ecd627d,3,4,2,4
dm-test-801763443e6c73e3857039f2223798b2b58bef19,5,5,3,4
dm-test-8b59fa7715418c4bcc0d50e3caeb239129de453e,4,5,4,5
dm-test-8764fb95bfad8ee849274873a92fb8d6b400eee2,3,4,2,4
dm-test-46609841ffd23e9c22d1507edf7b176ecc4d834f,3,2,3,4
dm-test-8e6c8aec6808f66ed0342e128a4e146f3ecd627d,5,5,4,5
dm-test-c16c9fa34ccae7e2b9e29c3988ccb74974c4b3c0,5,5,5,5
dm-test-0f0789390d67698283cc87b2e046b5c5cd77edb7,4,3,3,5
cnn-test-fbbafa743a8c2ecd2cedf65c6c61956b2db8ec5c,4,5,4,4
dm-test-c6667409fcdea2c89ba9f0d3a72c50e3967b4b1b,4,5,4,4
dm-test-4fb64a2298e18626db776fccf834be87388827e0,4,5,4,3
dm-test-b1f6faac3f406edca1e0cad8cce1319c83e62605,5,5,3,5
dm-test-d3c9ce137ba24a69253508b3416630465c050ae4,4,5,5,4
dm-test-d3c9ce137ba24a69253508b3416630465c050ae4,4,4,4,3
dm-test-096e418a953af86df0d1560bec95bc7bfee2e34b,4,5,3,3
dm-test-eeef09d26cf30c2124c0399b08eedc6321fe5d20,2,1,2,2
dm-test-4fb64a2298e18626db776fccf834be87388827e0,2,2,3,3
dm-test-5be0a9584b051175d9f4842a143b76385335d96a,3,3,2,4
dm-test-2feca9acf532e33f1ab7442c442c8e19787d8d7b,4,5,5,4
dm-test-9afda3cde191a883d8c166ceb5765eb53205d8f4,3,4,3,4
dm-test-7cba80e83b222801fed8d6f96e8c0aa381c54b28,4,5,4,4
dm-test-81bd721b16cad47dfd8d24baca5b30b006291db2,4,4,3,5
cnn-test-88c2481234e763c9bbc68d0ab1be1d2375c1349a,4,4,3,3
dm-test-e880fda4c25289f8325574246f0f8ed4ff5eb26b,2,2,2,3
dm-test-051db270afc32571a08c15124330efe89d80fea8,3,4,2,3
cnn-test-d75b043ebefc3098aea84d92bb8bec0f509b1563,3,4,2,4
cnn-test-bcdb32ae644040a721da880fff9c1d502048cd8b,4,5,3,4
dm-test-c6667409fcdea2c89ba9f0d3a72c50e3967b4b1b,2,2,3,2
dm-test-02c955067d00f38b6978b805d5a8701a787f78ac,3,4,4,3
cnn-test-c05bda9b387ec8ae43803170b6f59b4b82505db9,5,5,5,5
dm-test-808a439a5d83fc47baaea934c8779a7ebc62470d,3,4,2,3
dm-test-6c1341bedf92a304318545fbf1aad88651de7909,2,2,2,2
dm-test-26e4e19d945cedcb489f28808c730658139c9415,5,5,5,4
dm-test-e43eef75de38d246db9d80216ca9f5487215a78b,3,4,2,4
dm-test-0f0789390d67698283cc87b2e046b5c5cd77edb7,4,4,4,4
dm-test-9beaaf73e4517d5bf1bc284f386485d571da96cf,3,4,3,4
dm-test-f5fead94ee884800e84a212cc0edc78b11c4ba9f,4,4,4,5
dm-test-c6667409fcdea2c89ba9f0d3a72c50e3967b4b1b,2,1,2,4
dm-test-808a439a5d83fc47baaea934c8779a7ebc62470d,3,4,3,4
cnn-test-bcdb32ae644040a721da880fff9c1d502048cd8b,4,4,3,3
dm-test-b1f6faac3f406edca1e0cad8cce1319c83e62605,3,4,2,2
dm-test-808a439a5d83fc47baaea934c8779a7ebc62470d,3,3,2,4
dm-test-8847383b72167c3f3dd2161b5b091b580c8f4da7,4,5,4,5
cnn-test-d75b043ebefc3098aea84d92bb8bec0f509b1563,2,1,2,3
dm-test-b5bc2ae78441e4ac08fb01823d5fc0f1627c3166,4,4,3,3
dm-test-e428e25bbf8e06643154ce31b7c6fab64c81e857,3,4,2,4
dm-test-808a439a5d83fc47baaea934c8779a7ebc62470d,4,5,3,4
dm-test-e7d8b6617691ea00d4ddc5fe2b7cbd105ba9a57e,4,5,3,5
dm-test-9b1af0f993d78353ebd56a1b180e882e751527b3,4,4,4,4
dm-test-46609841ffd23e9c22d1507edf7b176ecc4d834f,5,5,5,5
dm-test-f468efac7b3c54f8c42c2c81dff108c52ebe0d7d,5,5,5,5
dm-test-1747dcd6a007ee97954b6b10cde549bf82f6a4eb,2,5,5,3
dm-test-8b51a10370a1219137e231192e65b9cd52238ea6,2,1,2,2
cnn-test-5139ccfabee55ddb83e7937f5802c0a67aee8975,4,4,3,4
dm-test-f26d8400ae49b90d109c165d0f44b8f6ca253c08,3,2,4,4
dm-test-c6667409fcdea2c89ba9f0d3a72c50e3967b4b1b,3,5,3,3
dm-test-81bd721b16cad47dfd8d24baca5b30b006291db2,4,4,3,4
dm-test-eeef09d26cf30c2124c0399b08eedc6321fe5d20,4,5,4,5
dm-test-a3b6201aca77b5bdaa5df02d6acee2be66233237,4,5,3,5
dm-test-eeef09d26cf30c2124c0399b08eedc6321fe5d20,4,5,4,5
dm-test-f5fead94ee884800e84a212cc0edc78b11c4ba9f,2,2,2,4
dm-test-d83b82a9cd504218e604616be3f3c3928e3428b8,4,4,5,4
dm-test-31114653cd606fd3f4b1035f98dedd71f8282cd2,4,5,2,5
dm-test-9d0fcbd873927674d12aafce4ae7754fd591d4e2,4,4,3,4
dm-test-e43eef75de38d246db9d80216ca9f5487215a78b,2,2,3,2
dm-test-3ba3bde4a1440134bb38ec22ba50db59986b544c,3,4,3,4
dm-test-2cf8c2d1d2ceb1980249f77e703f9039e63799d0,4,5,4,5
dm-test-8bc8f134bc3ceaeec0df8f29e96e13d319717ab8,3,4,2,4
dm-test-0f0789390d67698283cc87b2e046b5c5cd77edb7,4,5,3,5
dm-test-b1f6faac3f406edca1e0cad8cce1319c83e62605,3,4,3,4
dm-test-2cf8c2d1d2ceb1980249f77e703f9039e63799d0,4,5,4,4
dm-test-2c37d44d03ce2e91310339d884d33ee5aabf9abc,2,4,4,3
dm-test-02c955067d00f38b6978b805d5a8701a787f78ac,5,5,5,5
dm-test-1749a22e2b6facaa057213cb9b33261b319bbd2b,4,5,4,5
dm-test-0cdd7cdb5d99c36f25f1f4fa0e962d558f7ff07b,4,5,3,4
cnn-test-5139ccfabee55ddb83e7937f5802c0a67aee8975,4,5,3,4
dm-test-2c37d44d03ce2e91310339d884d33ee5aabf9abc,3,5,4,3
dm-test-8847383b72167c3f3dd2161b5b091b580c8f4da7,2,3,2,3
dm-test-8b59fa7715418c4bcc0d50e3caeb239129de453e,3,2,3,2
dm-test-8b51a10370a1219137e231192e65b9cd52238ea6,4,4,3,4
dm-test-9beaaf73e4517d5bf1bc284f386485d571da96cf,3,4,3,3
dm-test-e428e25bbf8e06643154ce31b7c6fab64c81e857,2,2,2,3
dm-test-eeef09d26cf30c2124c0399b08eedc6321fe5d20,3,4,3,4
cnn-test-d75b043ebefc3098aea84d92bb8bec0f509b1563,4,4,4,3
dm-test-f37fd6e9b6cc18a7132568e307ef3b130931e809,5,5,5,4
dm-test-d89de9c2a76f2665560becfe5d761a4fc62b9926,3,4,2,4
dm-test-5be0a9584b051175d9f4842a143b76385335d96a,4,5,3,4
dm-test-9beaaf73e4517d5bf1bc284f386485d571da96cf,4,5,4,4
dm-test-801763443e6c73e3857039f2223798b2b58bef19,5,5,5,4
dm-test-2c6695b438980783754f7db28129ec2fbb3e6e21,4,5,5,4
dm-test-d83b82a9cd504218e604616be3f3c3928e3428b8,5,5,4,4
dm-test-2c6695b438980783754f7db28129ec2fbb3e6e21,4,5,4,5
dm-test-207df192edc1836250b69d1bc5b9e6a38206eb78,4,5,4,5
cnn-test-bcdb32ae644040a721da880fff9c1d502048cd8b,4,5,5,4
dm-test-8bc8f134bc3ceaeec0df8f29e96e13d319717ab8,5,5,2,5
dm-test-e06ff0eb7c4fa4416fda84a9a239b15480c5a9d9,4,5,3,5
dm-test-d89de9c2a76f2665560becfe5d761a4fc62b9926,2,2,3,3
dm-test-3785743303ddb8b594be7c449a37458b99e83812,4,5,3,4
cnn-test-b1c3fc03a2b74cf4c79844c1fe2fdce70a8a436e,4,4,3,4
dm-test-c6667409fcdea2c89ba9f0d3a72c50e3967b4b1b,2,1,3,2
dm-test-e7d8b6617691ea00d4ddc5fe2b7cbd105ba9a57e,2,4,3,2
dm-test-d83b82a9cd504218e604616be3f3c3928e3428b8,4,3,3,4
dm-test-cf4ba8f94f2dd5604eb8f8a4e655c10cf0996365,4,4,3,4
dm-test-9b5a04b9879fe716a2dcd66dd331f99534603c16,4,4,3,3
dm-test-0cd10ad50ceef529d96a255ed12ac9cd001ba9db,1,1,2,2
dm-test-36352fd1c61fd0c593ee7b84cbe213aa9b444439,4,5,3,3
dm-test-18243373494a1722ddcd162ec67b63dd749633ab,3,3,3,4
dm-test-130ff8f2dfb6ab67861d5924b0ff5acd63c7d8ce,2,1,2,2
dm-test-f5fead94ee884800e84a212cc0edc78b11c4ba9f,4,5,3,3
dm-test-36352fd1c61fd0c593ee7b84cbe213aa9b444439,3,5,3,2
dm-test-3785743303ddb8b594be7c449a37458b99e83812,4,4,5,4
dm-test-2c6695b438980783754f7db28129ec2fbb3e6e21,3,4,2,4
dm-test-f26d8400ae49b90d109c165d0f44b8f6ca253c08,2,2,2,3
cnn-test-88c2481234e763c9bbc68d0ab1be1d2375c1349a,4,4,3,4
dm-test-2feca9acf532e33f1ab7442c442c8e19787d8d7b,3,5,2,3
dm-test-26e4e19d945cedcb489f28808c730658139c9415,5,5,5,5
dm-test-2abe0f81f5b22c8a406165717e3bd7fce6fe47c6,5,5,5,5
cnn-test-a02e362c5b8f049848ce718b37b96117485461cf,2,3,2,2
dm-test-e43eef75de38d246db9d80216ca9f5487215a78b,4,5,4,4
dm-test-e470f0a87d7513bf880412524332047020422c3f,2,4,2,4
cnn-test-b1c3fc03a2b74cf4c79844c1fe2fdce70a8a436e,2,1,3,2
dm-test-f5fead94ee884800e84a212cc0edc78b11c4ba9f,4,5,4,4
dm-test-e880fda4c25289f8325574246f0f8ed4ff5eb26b,2,4,2,4
dm-test-f26d8400ae49b90d109c165d0f44b8f6ca253c08,4,5,5,4
dm-test-18243373494a1722ddcd162ec67b63dd749633ab,4,5,4,4
dm-test-0cdd7cdb5d99c36f25f1f4fa0e962d558f7ff07b,4,5,2,3
dm-test-2feca9acf532e33f1ab7442c442c8e19787d8d7b,2,4,2,4
dm-test-14c813567696f4e63a39993c09d4edb454036179,2,3,2,2
dm-test-b5925c1a02fa9a8f6b1d5ad764c19a732deac0df,5,5,5,5
dm-test-81bd721b16cad47dfd8d24baca5b30b006291db2,4,5,4,5
dm-test-8764fb95bfad8ee849274873a92fb8d6b400eee2,3,4,3,4
dm-test-54b857a66cbd8473d6732e5da52d48612e636a37,5,5,5,5
dm-test-2c37d44d03ce2e91310339d884d33ee5aabf9abc,4,5,5,4
dm-test-2a48112ddee712f2364f128076cb2db555a043b1,2,2,2,3
dm-test-2377095dda83df778e34304b7a09813808105d3b,3,4,2,4
dm-test-b5925c1a02fa9a8f6b1d5ad764c19a732deac0df,4,5,4,4
dm-test-6721edf88c95f480a4db2c63649dbb03736aeadf,3,2,4,2
dm-test-801763443e6c73e3857039f2223798b2b58bef19,5,5,4,5
dm-test-4f3b35b540ba05f0f82d71a694ec23dde4dc3e01,4,5,4,3
dm-test-d296270ab4a4cf20f2d9c1aae7514687806f2b35,4,3,3,4
dm-test-e880fda4c25289f8325574246f0f8ed4ff5eb26b,2,3,2,3
dm-test-4001b252a072ac149c70840b22299cc6cfab3bae,4,4,4,5
cnn-test-b8b6e729fff27c4eef87887e61d3448de9c063f6,4,5,3,4
dm-test-4fb64a2298e18626db776fccf834be87388827e0,4,5,3,4
dm-test-c50d33e9749e7bb484d9b69c4f5fca35a3a50cb5,2,3,2,2
dm-test-8bc8f134bc3ceaeec0df8f29e96e13d319717ab8,4,5,3,5
dm-test-f26d8400ae49b90d109c165d0f44b8f6ca253c08,4,4,4,3
cnn-test-fbbafa743a8c2ecd2cedf65c6c61956b2db8ec5c,3,2,1,4
cnn-test-b8b6e729fff27c4eef87887e61d3448de9c063f6,3,4,3,4
dm-test-9beaaf73e4517d5bf1bc284f386485d571da96cf,3,4,4,3
dm-test-fadabe346fe95d33eee71299e6596754768f5246,4,5,4,5
dm-test-4001b252a072ac149c70840b22299cc6cfab3bae,4,5,3,3
dm-test-9d0fcbd873927674d12aafce4ae7754fd591d4e2,3,5,2,5
dm-test-03e271b4305517e02c9ead82d57327d32b99102e,2,1,2,2
dm-test-632cfdb03aacd90a34a470f6a70b47eee62ec5f0,4,5,4,5
dm-test-f468efac7b3c54f8c42c2c81dff108c52ebe0d7d,5,5,3,3
dm-test-096e418a953af86df0d1560bec95bc7bfee2e34b,4,5,3,4
dm-test-14c813567696f4e63a39993c09d4edb454036179,3,4,4,3
dm-test-4f3b35b540ba05f0f82d71a694ec23dde4dc3e01,2,2,3,4
dm-test-3ba3bde4a1440134bb38ec22ba50db59986b544c,5,5,5,4
dm-test-2abe0f81f5b22c8a406165717e3bd7fce6fe47c6,5,5,5,5
dm-test-801763443e6c73e3857039f2223798b2b58bef19,4,4,2,4
dm-test-8e6c8aec6808f66ed0342e128a4e146f3ecd627d,3,3,2,4
dm-test-632cfdb03aacd90a34a470f6a70b47eee62ec5f0,5,5,5,5
dm-test-4a593dc4c7e0b4d09bfdc66bb315c47b54eb15df,2,4,2,3
dm-test-3785743303ddb8b594be7c449a37458b99e83812,4,4,4,4
dm-test-54b857a66cbd8473d6732e5da52d48612e636a37,3,5,3,4
dm-test-4e0de0ec6d5b9df174f54d03158de8f30aac861f,4,5,4,5
dm-test-0cdd7cdb5d99c36f25f1f4fa0e962d558f7ff07b,3,4,4,3
dm-test-998cb27197db1fd299aff3322ac041ba4bf1148f,2,4,2,4
dm-test-b1f6faac3f406edca1e0cad8cce1319c83e62605,2,3,2,3
dm-test-207df192edc1836250b69d1bc5b9e6a38206eb78,4,5,3,5
dm-test-2c37d44d03ce2e91310339d884d33ee5aabf9abc,4,5,4,5
dm-test-dea0ed2e587495e516ac85056e21a2076a9a993c,3,4,2,2
dm-test-c50d33e9749e7bb484d9b69c4f5fca35a3a50cb5,3,4,3,4
dm-test-8764fb95bfad8ee849274873a92fb8d6b400eee2,4,5,4,4
dm-test-8bc8f134bc3ceaeec0df8f29e96e13d319717ab8,3,4,2,4
cnn-test-b1c3fc03a2b74cf4c79844c1fe2fdce70a8a436e,5,5,4,5
dm-test-6c1341bedf92a304318545fbf1aad88651de7909,5,5,4,5
dm-test-632cfdb03aacd90a34a470f6a70b47eee62ec5f0,4,5,3,4
dm-test-0cd10ad50ceef529d96a255ed12ac9cd001ba9db,2,4,2,5
dm-test-4fb64a2298e18626db776fccf834be87388827e0,5,5,4,5
dm-test-801763443e6c73e3857039f2223798b2b58bef19,4,5,4,4
dm-test-c50d33e9749e7bb484d9b69c4f5fca35a3a50cb5,4,5,3,4
cnn-test-404f859482d47c127868964a9a39d1a7645dd2e9,3,4,3,4
dm-test-2c37d44d03ce2e91310339d884d33ee5aabf9abc,5,5,5,5
dm-test-d89de9c2a76f2665560becfe5d761a4fc62b9926,2,2,2,4
dm-test-8847383b72167c3f3dd2161b5b091b580c8f4da7,5,5,5,5
dm-test-2c6695b438980783754f7db28129ec2fbb3e6e21,4,5,3,4
dm-test-d83b82a9cd504218e604616be3f3c3928e3428b8,3,3,4,3
dm-test-a3b6201aca77b5bdaa5df02d6acee2be66233237,3,5,3,3
dm-test-23e8c1d71474d239aa9ae37b9a05031b0054b8ce,3,4,3,3
dm-test-155754e1f2bc83f6836af78703edd4d00f19f381,4,5,4,4
dm-test-f37fd6e9b6cc18a7132568e307ef3b130931e809,5,5,4,5
dm-test-5be0a9584b051175d9f4842a143b76385335d96a,2,2,2,3
dm-test-6f027d030f9ca86446dc893f1d10ced4c9a3561f,3,5,3,5
dm-test-eeef09d26cf30c2124c0399b08eedc6321fe5d20,5,5,5,5
cnn-test-a02e362c5b8f049848ce718b37b96117485461cf,5,5,5,5
dm-test-9beaaf73e4517d5bf1bc284f386485d571da96cf,3,4,3,4
dm-test-03e271b4305517e02c9ead82d57327d32b99102e,5,5,4,4
dm-test-2cf8c2d1d2ceb1980249f77e703f9039e63799d0,4,5,4,5
dm-test-155754e1f2bc83f6836af78703edd4d00f19f381,3,4,3,2
dm-test-1747dcd6a007ee97954b6b10cde549bf82f6a4eb,5,5,5,5
dm-test-dea0ed2e587495e516ac85056e21a2076a9a993c,4,3,3,4
dm-test-1749a22e2b6facaa057213cb9b33261b319bbd2b,4,5,4,5
dm-test-8764fb95bfad8ee849274873a92fb8d6b400eee2,2,2,4,2
dm-test-d89de9c2a76f2665560becfe5d761a4fc62b9926,4,4,3,4
dm-test-0f0789390d67698283cc87b2e046b5c5cd77edb7,4,5,4,5
dm-test-e880fda4c25289f8325574246f0f8ed4ff5eb26b,4,4,3,4
dm-test-130ff8f2dfb6ab67861d5924b0ff5acd63c7d8ce,3,2,3,3
dm-test-b255397ee863bd8faf9def57c0f76769153d905e,5,5,5,4
dm-test-6372eff07fd3d6f578f90d6115e01747edccc095,3,4,2,4
dm-test-2377095dda83df778e34304b7a09813808105d3b,4,4,3,4
dm-test-9b1af0f993d78353ebd56a1b180e882e751527b3,2,3,3,2
dm-test-4f3b35b540ba05f0f82d71a694ec23dde4dc3e01,4,5,2,3
dm-test-2cf8c2d1d2ceb1980249f77e703f9039e63799d0,4,4,4,3
dm-test-d296270ab4a4cf20f2d9c1aae7514687806f2b35,4,5,4,4
dm-test-9b5a04b9879fe716a2dcd66dd331f99534603c16,2,1,2,2
dm-test-130ff8f2dfb6ab67861d5924b0ff5acd63c7d8ce,3,4,3,4
dm-test-b5bc2ae78441e4ac08fb01823d5fc0f1627c3166,3,5,4,3
dm-test-6f027d030f9ca86446dc893f1d10ced4c9a3561f,3,4,2,4
dm-test-46609841ffd23e9c22d1507edf7b176ecc4d834f,4,5,4,5
dm-test-b5925c1a02fa9a8f6b1d5ad764c19a732deac0df,5,5,5,5
dm-test-02c955067d00f38b6978b805d5a8701a787f78ac,4,3,4,4
dm-test-2cfc33d01364162579f46b2764914a03a29453ce,4,5,3,4
dm-test-b5925c1a02fa9a8f6b1d5ad764c19a732deac0df,4,5,4,5
dm-test-1747dcd6a007ee97954b6b10cde549bf82f6a4eb,4,5,4,5
dm-test-e7d8b6617691ea00d4ddc5fe2b7cbd105ba9a57e,3,4,2,4
dm-test-b255397ee863bd8faf9def57c0f76769153d905e,4,4,4,5
dm-test-d89de9c2a76f2665560becfe5d761a4fc62b9926,4,5,3,5
dm-test-9d0fcbd873927674d12aafce4ae7754fd591d4e2,5,5,5,5
dm-test-6c1341bedf92a304318545fbf1aad88651de7909,2,2,2,2
cnn-test-404f859482d47c127868964a9a39d1a7645dd2e9,5,5,5,5
dm-test-14c813567696f4e63a39993c09d4edb454036179,2,4,2,2
dm-test-8847383b72167c3f3dd2161b5b091b580c8f4da7,4,4,3,4
dm-test-e428e25bbf8e06643154ce31b7c6fab64c81e857,2,2,2,3
cnn-test-c05bda9b387ec8ae43803170b6f59b4b82505db9,4,5,4,5
dm-test-9beaaf73e4517d5bf1bc284f386485d571da96cf,4,5,4,4
dm-test-f5fead94ee884800e84a212cc0edc78b11c4ba9f,4,4,3,4
dm-test-e428e25bbf8e06643154ce31b7c6fab64c81e857,2,5,2,2
dm-test-0f0789390d67698283cc87b2e046b5c5cd77edb7,5,5,5,5
dm-test-e7d8b6617691ea00d4ddc5fe2b7cbd105ba9a57e,2,4,2,4
dm-test-632cfdb03aacd90a34a470f6a70b47eee62ec5f0,4,5,4,5
cnn-test-fbbafa743a8c2ecd2cedf65c6c61956b2db8ec5c,4,5,3,3
dm-test-9afda3cde191a883d8c166ceb5765eb53205d8f4,4,4,3,4
dm-test-cf4ba8f94f2dd5604eb8f8a4e655c10cf0996365,4,5,4,4
dm-test-0783c68a744df6afa009d16e72709f2b4d90dea1,5,5,5,5
cnn-test-b8b6e729fff27c4eef87887e61d3448de9c063f6,4,4,4,3
dm-test-b1f6faac3f406edca1e0cad8cce1319c83e62605,4,5,4,4
dm-test-2abe0f81f5b22c8a406165717e3bd7fce6fe47c6,5,5,5,5
dm-test-2c37d44d03ce2e91310339d884d33ee5aabf9abc,4,5,5,4
dm-test-4f3b35b540ba05f0f82d71a694ec23dde4dc3e01,4,5,4,3
dm-test-23e8c1d71474d239aa9ae37b9a05031b0054b8ce,5,5,4,5
dm-test-d3c9ce137ba24a69253508b3416630465c050ae4,3,2,3,4
dm-test-8b51a10370a1219137e231192e65b9cd52238ea6,4,4,3,4
cnn-test-fbbafa743a8c2ecd2cedf65c6c61956b2db8ec5c,3,3,2,3
dm-test-1747dcd6a007ee97954b6b10cde549bf82f6a4eb,5,5,5,5
dm-test-6372eff07fd3d6f578f90d6115e01747edccc095,5,5,5,5
dm-test-b1f6faac3f406edca1e0cad8cce1319c83e62605,4,5,4,4
dm-test-e7d8b6617691ea00d4ddc5fe2b7cbd105ba9a57e,5,5,4,5
dm-test-23e8c1d71474d239aa9ae37b9a05031b0054b8ce,4,4,4,4
cnn-test-e49792c337d3f4c13e22f710efa44cf6a4e59aba,4,5,4,4
dm-test-9afda3cde191a883d8c166ceb5765eb53205d8f4,2,2,2,2
dm-test-0cdd7cdb5d99c36f25f1f4fa0e962d558f7ff07b,4,3,3,5
dm-test-e880fda4c25289f8325574246f0f8ed4ff5eb26b,3,4,3,4
dm-test-9afda3cde191a883d8c166ceb5765eb53205d8f4,5,5,3,5
cnn-test-b1c3fc03a2b74cf4c79844c1fe2fdce70a8a436e,3,4,3,4
dm-test-e7d8b6617691ea00d4ddc5fe2b7cbd105ba9a57e,2,2,2,1
dm-test-9afda3cde191a883d8c166ceb5765eb53205d8f4,3,3,3,4
dm-test-4001b252a072ac149c70840b22299cc6cfab3bae,3,4,2,4
dm-test-e7d8b6617691ea00d4ddc5fe2b7cbd105ba9a57e,4,5,4,5
cnn-test-e49792c337d3f4c13e22f710efa44cf6a4e59aba,2,1,4,2
dm-test-9afda3cde191a883d8c166ceb5765eb53205d8f4,4,5,4,4
dm-test-c50d33e9749e7bb484d9b69c4f5fca35a3a50cb5,3,4,2,4
dm-test-02c955067d00f38b6978b805d5a8701a787f78ac,3,4,2,4
cnn-test-a02e362c5b8f049848ce718b37b96117485461cf,3,4,3,4
dm-test-0cd10ad50ceef529d96a255ed12ac9cd001ba9db,5,5,5,4
cnn-test-4761dc6d8bdf56b9ada97104113dd1bcf4aed3f1,2,3,2,2
dm-test-8b51a10370a1219137e231192e65b9cd52238ea6,4,4,4,4
cnn-test-4761dc6d8bdf56b9ada97104113dd1bcf4aed3f1,3,4,2,4
dm-test-2abe0f81f5b22c8a406165717e3bd7fce6fe47c6,2,2,2,3
dm-test-2c6695b438980783754f7db28129ec2fbb3e6e21,4,5,4,5
dm-test-fadabe346fe95d33eee71299e6596754768f5246,4,5,3,5
dm-test-18243373494a1722ddcd162ec67b63dd749633ab,4,5,3,5
dm-test-5be0a9584b051175d9f4842a143b76385335d96a,5,5,5,5
dm-test-e470f0a87d7513bf880412524332047020422c3f,5,5,4,5
dm-test-fadabe346fe95d33eee71299e6596754768f5246,3,4,2,4
dm-test-14c813567696f4e63a39993c09d4edb454036179,2,2,2,3
dm-test-e06ff0eb7c4fa4416fda84a9a239b15480c5a9d9,3,4,2,4
dm-test-46609841ffd23e9c22d1507edf7b176ecc4d834f,4,5,4,5
dm-test-9b1af0f993d78353ebd56a1b180e882e751527b3,5,5,4,5
dm-test-c6667409fcdea2c89ba9f0d3a72c50e3967b4b1b,4,4,4,5
cnn-test-c05bda9b387ec8ae43803170b6f59b4b82505db9,3,4,3,4
dm-test-a3b6201aca77b5bdaa5df02d6acee2be66233237,4,4,3,5
cnn-test-c05bda9b387ec8ae43803170b6f59b4b82505db9,4,4,2,4
dm-test-02c955067d00f38b6978b805d5a8701a787f78ac,3,5,2,4
dm-test-03e271b4305517e02c9ead82d57327d32b99102e,3,2,2,3
dm-test-9b5a04b9879fe716a2dcd66dd331f99534603c16,2,2,2,3
dm-test-c6667409fcdea2c89ba9f0d3a72c50e3967b4b1b,3,5,3,4
dm-test-6372eff07fd3d6f578f90d6115e01747edccc095,3,4,2,5
dm-test-b1f6faac3f406edca1e0cad8cce1319c83e62605,4,5,4,4
dm-test-808a439a5d83fc47baaea934c8779a7ebc62470d,3,4,3,4
dm-test-f468efac7b3c54f8c42c2c81dff108c52ebe0d7d,4,4,3,4
dm-test-096e418a953af86df0d1560bec95bc7bfee2e34b,3,4,3,4
cnn-test-e2bccd4dec93c9bb7b327827dae004c2d494ec31,4,5,3,4
dm-test-130ff8f2dfb6ab67861d5924b0ff5acd63c7d8ce,2,2,2,2
dm-test-23e8c1d71474d239aa9ae37b9a05031b0054b8ce,4,5,3,5
dm-test-d83b82a9cd504218e604616be3f3c3928e3428b8,4,5,3,4
dm-test-4fb64a2298e18626db776fccf834be87388827e0,4,5,3,4
dm-test-8764fb95bfad8ee849274873a92fb8d6b400eee2,2,3,2,2
dm-test-4fb64a2298e18626db776fccf834be87388827e0,3,4,3,4
dm-test-3785743303ddb8b594be7c449a37458b99e83812,4,5,3,4
dm-test-9b1af0f993d78353ebd56a1b180e882e751527b3,4,5,2,3
dm-test-8847383b72167c3f3dd2161b5b091b580c8f4da7,4,4,3,4
dm-test-cf4ba8f94f2dd5604eb8f8a4e655c10cf0996365,4,4,3,4
dm-test-f5fead94ee884800e84a212cc0edc78b11c4ba9f,3,4,3,4
dm-test-2abe0f81f5b22c8a406165717e3bd7fce6fe47c6,5,5,5,4
dm-test-31114653cd606fd3f4b1035f98dedd71f8282cd2,3,3,2,4
dm-test-3ba3bde4a1440134bb38ec22ba50db59986b544c,3,4,2,4
dm-test-8e6c8aec6808f66ed0342e128a4e146f3ecd627d,2,2,2,3
dm-test-bd4684a0f5af5dd6ac88d2fb50f902bd7f10217b,3,4,2,3
dm-test-7cba80e83b222801fed8d6f96e8c0aa381c54b28,5,5,5,5
dm-test-8b59fa7715418c4bcc0d50e3caeb239129de453e,4,5,4,5
dm-test-b255397ee863bd8faf9def57c0f76769153d905e,3,4,3,3
dm-test-eeef09d26cf30c2124c0399b08eedc6321fe5d20,3,4,2,4
dm-test-096e418a953af86df0d1560bec95bc7bfee2e34b,3,4,3,4
cnn-test-e49792c337d3f4c13e22f710efa44cf6a4e59aba,3,4,4,2
cnn-test-404f859482d47c127868964a9a39d1a7645dd2e9,4,5,4,4
cnn-test-b1c3fc03a2b74cf4c79844c1fe2fdce70a8a436e,5,5,5,4
dm-test-d83b82a9cd504218e604616be3f3c3928e3428b8,3,4,3,4
dm-test-2abe0f81f5b22c8a406165717e3bd7fce6fe47c6,5,5,4,5
dm-test-03e271b4305517e02c9ead82d57327d32b99102e,3,2,3,2
dm-test-97bbda7ec22a736cd174b51513c72a6372d13d35,4,5,2,5
dm-test-3ba3bde4a1440134bb38ec22ba50db59986b544c,4,5,3,5
dm-test-3ba3bde4a1440134bb38ec22ba50db59986b544c,4,5,5,4
dm-test-9b1af0f993d78353ebd56a1b180e882e751527b3,3,4,3,3
dm-test-6372eff07fd3d6f578f90d6115e01747edccc095,4,4,3,4
dm-test-dea0ed2e587495e516ac85056e21a2076a9a993c,5,5,4,5
dm-test-5be0a9584b051175d9f4842a143b76385335d96a,3,5,2,4
dm-test-998cb27197db1fd299aff3322ac041ba4bf1148f,3,4,2,3
cnn-test-404f859482d47c127868964a9a39d1a7645dd2e9,4,4,3,4
dm-test-e06ff0eb7c4fa4416fda84a9a239b15480c5a9d9,2,3,2,3
dm-test-0783c68a744df6afa009d16e72709f2b4d90dea1,4,5,4,4
dm-test-e880fda4c25289f8325574246f0f8ed4ff5eb26b,2,4,2,3
dm-test-54b857a66cbd8473d6732e5da52d48612e636a37,4,5,3,3
dm-test-a3b6201aca77b5bdaa5df02d6acee2be66233237,4,5,3,5
dm-test-4001b252a072ac149c70840b22299cc6cfab3bae,4,5,3,5
dm-test-f37fd6e9b6cc18a7132568e307ef3b130931e809,3,2,3,4
dm-test-b5bc2ae78441e4ac08fb01823d5fc0f1627c3166,3,4,2,4
dm-test-8bc8f134bc3ceaeec0df8f29e96e13d319717ab8,3,2,2,3
cnn-test-d75b043ebefc3098aea84d92bb8bec0f509b1563,3,2,3,4
dm-test-8b59fa7715418c4bcc0d50e3caeb239129de453e,4,5,3,5
dm-test-d83b82a9cd504218e604616be3f3c3928e3428b8,4,5,3,5
dm-test-4001b252a072ac149c70840b22299cc6cfab3bae,3,4,2,4
dm-test-2c37d44d03ce2e91310339d884d33ee5aabf9abc,3,5,2,4
dm-test-e43eef75de38d246db9d80216ca9f5487215a78b,4,4,4,5
cnn-test-d75b043ebefc3098aea84d92bb8bec0f509b1563,2,1,2,2
cnn-test-e2bccd4dec93c9bb7b327827dae004c2d494ec31,3,4,3,3
dm-test-207df192edc1836250b69d1bc5b9e6a38206eb78,5,5,4,5
dm-test-d89de9c2a76f2665560becfe5d761a4fc62b9926,3,2,4,3
dm-test-0cd10ad50ceef529d96a255ed12ac9cd001ba9db,3,4,3,4
dm-test-0f0789390d67698283cc87b2e046b5c5cd77edb7,4,5,4,5
dm-test-23e8c1d71474d239aa9ae37b9a05031b0054b8ce,4,5,3,5
cnn-test-bcdb32ae644040a721da880fff9c1d502048cd8b,3,5,4,4
dm-test-23e8c1d71474d239aa9ae37b9a05031b0054b8ce,5,5,5,5
dm-test-f26d8400ae49b90d109c165d0f44b8f6ca253c08,4,5,4,4
dm-test-8764fb95bfad8ee849274873a92fb8d6b400eee2,2,2,2,2
cnn-test-c05bda9b387ec8ae43803170b6f59b4b82505db9,4,4,4,3
dm-test-8847383b72167c3f3dd2161b5b091b580c8f4da7,5,5,5,4
dm-test-d296270ab4a4cf20f2d9c1aae7514687806f2b35,5,5,4,5
dm-test-f5fead94ee884800e84a212cc0edc78b11c4ba9f,2,2,3,2
dm-test-8b51a10370a1219137e231192e65b9cd52238ea6,2,5,2,4
dm-test-2377095dda83df778e34304b7a09813808105d3b,2,1,2,2
dm-test-dea0ed2e587495e516ac85056e21a2076a9a993c,4,5,4,4
cnn-test-e49792c337d3f4c13e22f710efa44cf6a4e59aba,4,4,3,4
dm-test-9beaaf73e4517d5bf1bc284f386485d571da96cf,5,5,4,5
dm-test-c6667409fcdea2c89ba9f0d3a72c50e3967b4b1b,4,4,4,4
dm-test-0783c68a744df6afa009d16e72709f2b4d90dea1,2,2,2,2
dm-test-5be0a9584b051175d9f4842a143b76385335d96a,3,4,2,4
dm-test-8764fb95bfad8ee849274873a92fb8d6b400eee2,4,5,3,5
dm-test-b5925c1a02fa9a8f6b1d5ad764c19a732deac0df,4,4,4,3
dm-test-14c813567696f4e63a39993c09d4edb454036179,4,5,4,4
dm-test-2a48112ddee712f2364f128076cb2db555a043b1,2,4,2,4
dm-test-36352fd1c61fd0c593ee7b84cbe213aa9b444439,4,5,4,5
dm-test-4001b252a072ac149c70840b22299cc6cfab3bae,3,4,3,4
dm-test-6f027d030f9ca86446dc893f1d10ced4c9a3561f,3,4,2,3
dm-test-808a439a5d83fc47baaea934c8779a7ebc62470d,3,2,2,3
dm-test-3785743303ddb8b594be7c449a37458b99e83812,4,4,3,3
dm-test-36352fd1c61fd0c593ee7b84cbe213aa9b444439,4,3,3,4
cnn-test-4761dc6d8bdf56b9ada97104113dd1bcf4aed3f1,4,5,5,4
cnn-test-b8b6e729fff27c4eef87887e61d3448de9c063f6,4,5,4,4
dm-test-c16c9fa34ccae7e2b9e29c3988ccb74974c4b3c0,5,5,5,5
dm-test-d680ebcdcd59fd5ee9b602a06bcd5230c212835b,3,4,2,4
dm-test-18243373494a1722ddcd162ec67b63dd749633ab,4,5,4,5
cnn-test-b8b6e729fff27c4eef87887e61d3448de9c063f6,2,2,3,3
dm-test-8764fb95bfad8ee849274873a92fb8d6b400eee2,2,4,3,4
dm-test-2a48112ddee712f2364f128076cb2db555a043b1,4,5,4,5
dm-test-e7d8b6617691ea00d4ddc5fe2b7cbd105ba9a57e,4,5,4,5
dm-test-4f3b35b540ba05f0f82d71a694ec23dde4dc3e01,5,5,5,4
dm-test-b5bc2ae78441e4ac08fb01823d5fc0f1627c3166,3,5,3,5
dm-test-632cfdb03aacd90a34a470f6a70b47eee62ec5f0,5,5,5,5
cnn-test-fbbafa743a8c2ecd2cedf65c6c61956b2db8ec5c,4,3,4,3
dm-test-4fb64a2298e18626db776fccf834be87388827e0,4,5,4,5
dm-test-d89de9c2a76f2665560becfe5d761a4fc62b9926,3,4,2,4
dm-test-b5bc2ae78441e4ac08fb01823d5fc0f1627c3166,3,4,2,4
dm-test-1749a22e2b6facaa057213cb9b33261b319bbd2b,4,5,4,5
dm-test-0f0789390d67698283cc87b2e046b5c5cd77edb7,2,2,2,3
dm-test-2c37d44d03ce2e91310339d884d33ee5aabf9abc,3,2,3,4
cnn-test-bcdb32ae644040a721da880fff9c1d502048cd8b,4,5,4,3
dm-test-f26d8400ae49b90d109c165d0f44b8f6ca253c08,4,5,4,4
dm-test-1749a22e2b6facaa057213cb9b33261b319bbd2b,5,5,4,5
dm-test-0cd10ad50ceef529d96a255ed12ac9cd001ba9db,5,5,5,4
dm-test-632cfdb03aacd90a34a470f6a70b47eee62ec5f0,4,5,3,5
dm-test-7cba80e83b222801fed8d6f96e8c0aa381c54b28,4,5,3,5
dm-test-d680ebcdcd59fd5ee9b602a06bcd5230c212835b,2,3,2,2
dm-test-23e8c1d71474d239aa9ae37b9a05031b0054b8ce,4,5,3,4
cnn-test-bcdb32ae644040a721da880fff9c1d502048cd8b,3,4,3,3
dm-test-e428e25bbf8e06643154ce31b7c6fab64c81e857,3,4,3,2
dm-test-c16c9fa34ccae7e2b9e29c3988ccb74974c4b3c0,4,4,4,5
dm-test-4a593dc4c7e0b4d09bfdc66bb315c47b54eb15df,3,4,2,4
cnn-test-404f859482d47c127868964a9a39d1a7645dd2e9,4,5,3,4
dm-test-26e4e19d945cedcb489f28808c730658139c9415,3,4,2,3
dm-test-23e8c1d71474d239aa9ae37b9a05031b0054b8ce,3,3,4,3
dm-test-e06ff0eb7c4fa4416fda84a9a239b15480c5a9d9,4,4,3,4
dm-test-d83b82a9cd504218e604616be3f3c3928e3428b8,4,5,4,5
dm-test-2abe0f81f5b22c8a406165717e3bd7fce6fe47c6,3,3,3,4
dm-test-d89de9c2a76f2665560becfe5d761a4fc62b9926,3,4,3,4
dm-test-8b59fa7715418c4bcc0d50e3caeb239129de453e,5,5,4,5
dm-test-5be0a9584b051175d9f4842a143b76385335d96a,4,4,4,4
dm-test-eeef09d26cf30c2124c0399b08eedc6321fe5d20,1,1,1,1
dm-test-b5925c1a02fa9a8f6b1d5ad764c19a732deac0df,3,4,3,4
dm-test-4fb64a2298e18626db776fccf834be87388827e0,3,4,3,3
dm-test-26e4e19d945cedcb489f28808c730658139c9415,4,5,3,4
dm-test-8b51a10370a1219137e231192e65b9cd52238ea6,4,4,4,5
dm-test-d296270ab4a4cf20f2d9c1aae7514687806f2b35,4,5,4,3
cnn-test-e49792c337d3f4c13e22f710efa44cf6a4e59aba,5,5,5,4
dm-test-c50d33e9749e7bb484d9b69c4f5fca35a3a50cb5,5,1,5,3
cnn-test-88c2481234e763c9bbc68d0ab1be1d2375c1349a,4,5,4,4
dm-test-8e6c8aec6808f66ed0342e128a4e146f3ecd627d,2,1,2,3
dm-test-155754e1f2bc83f6836af78703edd4d00f19f381,4,4,3,4
cnn-test-e2bccd4dec93c9bb7b327827dae004c2d494ec31,5,5,4,5
dm-test-096e418a953af86df0d1560bec95bc7bfee2e34b,3,4,4,2
dm-test-f37fd6e9b6cc18a7132568e307ef3b130931e809,4,4,3,4
cnn-test-a02e362c5b8f049848ce718b37b96117485461cf,3,4,5,2
dm-test-9beaaf73e4517d5bf1bc284f386485d571da96cf,2,1,2,2
dm-test-998cb27197db1fd299aff3322ac041ba4bf1148f,3,4,2,5
dm-test-1747dcd6a007ee97954b6b10cde549bf82f6a4eb,5,5,5,5
dm-test-9d0fcbd873927674d12aafce4ae7754fd591d4e2,5,5,5,5
dm-test-b5bc2ae78441e4ac08fb01823d5fc0f1627c3166,3,4,3,4
dm-test-2c37d44d03ce2e91310339d884d33ee5aabf9abc,4,4,3,3
dm-test-b5bc2ae78441e4ac08fb01823d5fc0f1627c3166,4,5,3,4
dm-test-2cf8c2d1d2ceb1980249f77e703f9039e63799d0,2,1,2,2
cnn-test-c05bda9b387ec8ae43803170b6f59b4b82505db9,4,4,3,4
cnn-test-5139ccfabee55ddb83e7937f5802c0a67aee8975,4,4,3,5
dm-test-6c1341bedf92a304318545fbf1aad88651de7909,2,4,2,3
dm-test-31114653cd606fd3f4b1035f98dedd71f8282cd2,2,4,2,5
dm-test-b5925c1a02fa9a8f6b1d5ad764c19a732deac0df,2,5,2,3
dm-test-8bc8f134bc3ceaeec0df8f29e96e13d319717ab8,2,3,4,4
dm-test-2abe0f81f5b22c8a406165717e3bd7fce6fe47c6,4,5,3,4
dm-test-998cb27197db1fd299aff3322ac041ba4bf1148f,3,4,2,3
dm-test-d680ebcdcd59fd5ee9b602a06bcd5230c212835b,3,4,3,2
dm-test-03e271b4305517e02c9ead82d57327d32b99102e,3,5,3,3
dm-test-d3c9ce137ba24a69253508b3416630465c050ae4,4,5,4,5
dm-test-e428e25bbf8e06643154ce31b7c6fab64c81e857,4,4,3,4
dm-test-c50d33e9749e7bb484d9b69c4f5fca35a3a50cb5,4,5,3,3
dm-test-2abe0f81f5b22c8a406165717e3bd7fce6fe47c6,3,4,2,4
dm-test-155754e1f2bc83f6836af78703edd4d00f19f381,3,4,4,3
dm-test-2cfc33d01364162579f46b2764914a03a29453ce,3,4,4,4
dm-test-8b51a10370a1219137e231192e65b9cd52238ea6,3,4,2,3
dm-test-7cba80e83b222801fed8d6f96e8c0aa381c54b28,4,4,3,4
dm-test-801763443e6c73e3857039f2223798b2b58bef19,5,5,4,5
dm-test-97bbda7ec22a736cd174b51513c72a6372d13d35,1,1,3,1
dm-test-f37fd6e9b6cc18a7132568e307ef3b130931e809,5,5,4,5
dm-test-97bbda7ec22a736cd174b51513c72a6372d13d35,4,4,3,5
dm-test-03e271b4305517e02c9ead82d57327d32b99102e,4,5,3,3
dm-test-4a593dc4c7e0b4d09bfdc66bb315c47b54eb15df,3,3,3,4
cnn-test-e49792c337d3f4c13e22f710efa44cf6a4e59aba,3,5,2,3
dm-test-155754e1f2bc83f6836af78703edd4d00f19f381,4,4,3,4
dm-test-6721edf88c95f480a4db2c63649dbb03736aeadf,2,4,2,4
dm-test-d680ebcdcd59fd5ee9b602a06bcd5230c212835b,4,4,4,4
dm-test-9afda3cde191a883d8c166ceb5765eb53205d8f4,4,4,3,4
dm-test-5be0a9584b051175d9f4842a143b76385335d96a,4,4,3,4
dm-test-2a48112ddee712f2364f128076cb2db555a043b1,2,2,2,3
dm-test-03e271b4305517e02c9ead82d57327d32b99102e,4,4,3,4
dm-test-2cfc33d01364162579f46b2764914a03a29453ce,4,4,3,5
dm-test-81bd721b16cad47dfd8d24baca5b30b006291db2,5,5,5,5
dm-test-81bd721b16cad47dfd8d24baca5b30b006291db2,3,4,3,4
cnn-test-404f859482d47c127868964a9a39d1a7645dd2e9,4,4,4,4
dm-test-3ba3bde4a1440134bb38ec22ba50db59986b544c,4,5,4,5
dm-test-4001b252a072ac149c70840b22299cc6cfab3bae,3,4,2,4
cnn-test-fbbafa743a8c2ecd2cedf65c6c61956b2db8ec5c,2,2,2,3
dm-test-bd4684a0f5af5dd6ac88d2fb50f902bd7f10217b,2,1,2,2
dm-test-051db270afc32571a08c15124330efe89d80fea8,3,4,3,3
dm-test-e428e25bbf8e06643154ce31b7c6fab64c81e857,3,4,4,2
dm-test-2cf8c2d1d2ceb1980249f77e703f9039e63799d0,4,5,4,4
cnn-test-5139ccfabee55ddb83e7937f5802c0a67aee8975,5,5,5,5
dm-test-46609841ffd23e9c22d1507edf7b176ecc4d834f,5,5,5,5
dm-test-d83b82a9cd504218e604616be3f3c3928e3428b8,2,1,1,2
dm-test-3785743303ddb8b594be7c449a37458b99e83812,4,4,3,3
dm-test-051db270afc32571a08c15124330efe89d80fea8,4,5,3,4
dm-test-1749a22e2b6facaa057213cb9b33261b319bbd2b,4,5,4,5
dm-test-d296270ab4a4cf20f2d9c1aae7514687806f2b35,5,5,5,5
dm-test-b255397ee863bd8faf9def57c0f76769153d905e,4,5,4,5
dm-test-632cfdb03aacd90a34a470f6a70b47eee62ec5f0,2,5,2,4
dm-test-9b5a04b9879fe716a2dcd66dd331f99534603c16,2,2,4,2
dm-test-fadabe346fe95d33eee71299e6596754768f5246,3,5,3,4
dm-test-03e271b4305517e02c9ead82d57327d32b99102e,4,4,3,5
dm-test-c50d33e9749e7bb484d9b69c4f5fca35a3a50cb5,4,4,3,4
dm-test-3ba3bde4a1440134bb38ec22ba50db59986b544c,3,3,4,4
dm-test-801763443e6c73e3857039f2223798b2b58bef19,4,5,4,4
dm-test-0cd10ad50ceef529d96a255ed12ac9cd001ba9db,2,2,3,2
dm-test-b5925c1a02fa9a8f6b1d5ad764c19a732deac0df,5,5,5,4
dm-test-9d0fcbd873927674d12aafce4ae7754fd591d4e2,4,5,3,5
dm-test-d83b82a9cd504218e604616be3f3c3928e3428b8,5,5,5,5
dm-test-54b857a66cbd8473d6732e5da52d48612e636a37,4,5,4,4
cnn-test-5139ccfabee55ddb83e7937f5802c0a67aee8975,4,4,5,3
dm-test-8bc8f134bc3ceaeec0df8f29e96e13d319717ab8,4,5,4,5
dm-test-096e418a953af86df0d1560bec95bc7bfee2e34b,3,4,2,5
dm-test-f26d8400ae49b90d109c165d0f44b8f6ca253c08,2,2,4,3
dm-test-8e6c8aec6808f66ed0342e128a4e146f3ecd627d,4,5,4,5
dm-test-d3c9ce137ba24a69253508b3416630465c050ae4,3,4,2,3
dm-test-2cfc33d01364162579f46b2764914a03a29453ce,4,5,3,4
dm-test-4e0de0ec6d5b9df174f54d03158de8f30aac861f,4,4,3,4
dm-test-36352fd1c61fd0c593ee7b84cbe213aa9b444439,3,5,3,3
dm-test-9b5a04b9879fe716a2dcd66dd331f99534603c16,3,4,4,3
dm-test-54b857a66cbd8473d6732e5da52d48612e636a37,3,4,2,3
dm-test-c16c9fa34ccae7e2b9e29c3988ccb74974c4b3c0,5,5,4,5
dm-test-8764fb95bfad8ee849274873a92fb8d6b400eee2,3,4,3,3
dm-test-1749a22e2b6facaa057213cb9b33261b319bbd2b,5,5,5,5
dm-test-4a593dc4c7e0b4d09bfdc66bb315c47b54eb15df,2,2,2,2
dm-test-e470f0a87d7513bf880412524332047020422c3f,2,2,2,2
dm-test-d89de9c2a76f2665560becfe5d761a4fc62b9926,2,5,2,4
dm-test-97bbda7ec22a736cd174b51513c72a6372d13d35,4,4,3,4
cnn-test-c05bda9b387ec8ae43803170b6f59b4b82505db9,4,4,4,5
dm-test-e43eef75de38d246db9d80216ca9f5487215a78b,4,4,3,4
dm-test-207df192edc1836250b69d1bc5b9e6a38206eb78,4,5,3,5
dm-test-f5fead94ee884800e84a212cc0edc78b11c4ba9f,4,4,4,3
cnn-test-e2bccd4dec93c9bb7b327827dae004c2d494ec31,2,3,2,3
dm-test-6c1341bedf92a304318545fbf1aad88651de7909,4,4,2,4
dm-test-6f027d030f9ca86446dc893f1d10ced4c9a3561f,3,2,2,3
dm-test-f468efac7b3c54f8c42c2c81dff108c52ebe0d7d,3,4,2,2
cnn-test-d75b043ebefc3098aea84d92bb8bec0f509b1563,2,1,4,2
dm-test-155754e1f2bc83f6836af78703edd4d00f19f381,3,4,2,4
cnn-test-d75b043ebefc3098aea84d92bb8bec0f509b1563,4,4,3,4
dm-test-cf4ba8f94f2dd5604eb8f8a4e655c10cf0996365,3,4,2,4
cnn-test-e2bccd4dec93c9bb7b327827dae004c2d494ec31,4,4,5,5
dm-test-9b1af0f993d78353ebd56a1b180e882e751527b3,5,4,4,4
dm-test-6c1341bedf92a304318545fbf1aad88651de7909,3,4,2,4
dm-test-03e271b4305517e02c9ead82d57327d32b99102e,3,5,3,3
dm-test-9afda3cde191a883d8c166ceb5765eb53205d8f4,4,5,4,5
dm-test-3ba3bde4a1440134bb38ec22ba50db59986b544c,4,5,5,5
dm-test-6372eff07fd3d6f578f90d6115e01747edccc095,5,5,5,5
cnn-test-e2bccd4dec93c9bb7b327827dae004c2d494ec31,4,4,4,5
cnn-test-c05bda9b387ec8ae43803170b6f59b4b82505db9,4,4,3,4
dm-test-2a48112ddee712f2364f128076cb2db555a043b1,5,5,5,5
dm-test-6c1341bedf92a304318545fbf1aad88651de7909,5,5,5,5
dm-test-dea0ed2e587495e516ac85056e21a2076a9a993c,3,3,2,3
dm-test-2cf8c2d1d2ceb1980249f77e703f9039e63799d0,4,4,3,4
cnn-test-88c2481234e763c9bbc68d0ab1be1d2375c1349a,3,4,2,2
dm-test-31114653cd606fd3f4b1035f98dedd71f8282cd2,2,4,2,4
dm-test-cf4ba8f94f2dd5604eb8f8a4e655c10cf0996365,4,4,3,3
dm-test-14c813567696f4e63a39993c09d4edb454036179,2,4,2,4
dm-test-9b5a04b9879fe716a2dcd66dd331f99534603c16,4,4,4,4
dm-test-2feca9acf532e33f1ab7442c442c8e19787d8d7b,2,2,3,3
cnn-test-e2bccd4dec93c9bb7b327827dae004c2d494ec31,3,4,3,4
dm-test-31114653cd606fd3f4b1035f98dedd71f8282cd2,2,2,2,2
dm-test-632cfdb03aacd90a34a470f6a70b47eee62ec5f0,3,5,2,4
dm-test-3785743303ddb8b594be7c449a37458b99e83812,4,4,3,4
dm-test-02c955067d00f38b6978b805d5a8701a787f78ac,4,3,3,3
cnn-test-c05bda9b387ec8ae43803170b6f59b4b82505db9,4,4,3,4
dm-test-6f027d030f9ca86446dc893f1d10ced4c9a3561f,1,1,2,3
dm-test-e43eef75de38d246db9d80216ca9f5487215a78b,3,4,3,4
dm-test-d296270ab4a4cf20f2d9c1aae7514687806f2b35,4,5,5,4
dm-test-d83b82a9cd504218e604616be3f3c3928e3428b8,4,5,4,5
dm-test-155754e1f2bc83f6836af78703edd4d00f19f381,4,2,5,5
dm-test-4fb64a2298e18626db776fccf834be87388827e0,2,2,2,3
cnn-test-404f859482d47c127868964a9a39d1a7645dd2e9,3,2,2,3
dm-test-c50d33e9749e7bb484d9b69c4f5fca35a3a50cb5,4,5,3,5
dm-test-2cfc33d01364162579f46b2764914a03a29453ce,4,5,3,4
dm-test-f26d8400ae49b90d109c165d0f44b8f6ca253c08,4,4,3,5
dm-test-26e4e19d945cedcb489f28808c730658139c9415,4,2,3,4
dm-test-e06ff0eb7c4fa4416fda84a9a239b15480c5a9d9,3,4,2,4
dm-test-3ba3bde4a1440134bb38ec22ba50db59986b544c,4,4,4,4
dm-test-6f027d030f9ca86446dc893f1d10ced4c9a3561f,4,5,4,5
dm-test-bd4684a0f5af5dd6ac88d2fb50f902bd7f10217b,3,5,3,3
dm-test-02c955067d00f38b6978b805d5a8701a787f78ac,4,4,3,4
dm-test-0cd10ad50ceef529d96a255ed12ac9cd001ba9db,5,5,3,5
dm-test-0cdd7cdb5d99c36f25f1f4fa0e962d558f7ff07b,4,5,4,4
dm-test-130ff8f2dfb6ab67861d5924b0ff5acd63c7d8ce,3,4,3,4
dm-test-bd4684a0f5af5dd6ac88d2fb50f902bd7f10217b,4,5,4,4
dm-test-e06ff0eb7c4fa4416fda84a9a239b15480c5a9d9,4,5,4,4
dm-test-4fb64a2298e18626db776fccf834be87388827e0,4,5,4,5
dm-test-8b51a10370a1219137e231192e65b9cd52238ea6,4,4,3,4
dm-test-2377095dda83df778e34304b7a09813808105d3b,3,3,4,2
dm-test-cf4ba8f94f2dd5604eb8f8a4e655c10cf0996365,4,5,5,4
cnn-test-b1c3fc03a2b74cf4c79844c1fe2fdce70a8a436e,3,2,2,4
dm-test-2c6695b438980783754f7db28129ec2fbb3e6e21,2,2,2,2
cnn-test-4761dc6d8bdf56b9ada97104113dd1bcf4aed3f1,4,5,5,4
dm-test-2feca9acf532e33f1ab7442c442c8e19787d8d7b,2,2,2,2
dm-test-155754e1f2bc83f6836af78703edd4d00f19f381,4,4,4,4
dm-test-0783c68a744df6afa009d16e72709f2b4d90dea1,4,5,3,5
dm-test-f468efac7b3c54f8c42c2c81dff108c52ebe0d7d,3,5,3,5
dm-test-4001b252a072ac149c70840b22299cc6cfab3bae,2,2,2,3
cnn-test-e2bccd4dec93c9bb7b327827dae004c2d494ec31,5,5,4,5
dm-test-8b59fa7715418c4bcc0d50e3caeb239129de453e,2,2,2,3
dm-test-2a48112ddee712f2364f128076cb2db555a043b1,3,5,3,5
dm-test-1747dcd6a007ee97954b6b10cde549bf82f6a4eb,3,5,4,5
dm-test-d83b82a9cd504218e604616be3f3c3928e3428b8,4,4,4,5
dm-test-dea0ed2e587495e516ac85056e21a2076a9a993c,4,4,2,4
dm-test-6721edf88c95f480a4db2c63649dbb03736aeadf,2,4,2,3
dm-test-9b5a04b9879fe716a2dcd66dd331f99534603c16,2,3,3,2
dm-test-a3b6201aca77b5bdaa5df02d6acee2be66233237,3,4,3,4
dm-test-81bd721b16cad47dfd8d24baca5b30b006291db2,4,5,5,3
dm-test-14c813567696f4e63a39993c09d4edb454036179,2,1,2,2
dm-test-2377095dda83df778e34304b7a09813808105d3b,5,5,5,5
cnn-test-fbbafa743a8c2ecd2cedf65c6c61956b2db8ec5c,2,2,2,2
dm-test-998cb27197db1fd299aff3322ac041ba4bf1148f,3,4,2,5
dm-test-4fb64a2298e18626db776fccf834be87388827e0,3,4,3,3
dm-test-8bc8f134bc3ceaeec0df8f29e96e13d319717ab8,3,2,3,4
dm-test-23e8c1d71474d239aa9ae37b9a05031b0054b8ce,4,5,3,5
dm-test-9d0fcbd873927674d12aafce4ae7754fd591d4e2,4,5,3,3
dm-test-4001b252a072ac149c70840b22299cc6cfab3bae,3,4,3,3
dm-test-6f027d030f9ca86446dc893f1d10ced4c9a3561f,3,4,2,4
dm-test-7cba80e83b222801fed8d6f96e8c0aa381c54b28,3,5,3,3
dm-test-b1f6faac3f406edca1e0cad8cce1319c83e62605,4,3,3,4
dm-test-e470f0a87d7513bf880412524332047020422c3f,3,5,3,3
dm-test-b1f6faac3f406edca1e0cad8cce1319c83e62605,4,3,4,4
dm-test-801763443e6c73e3857039f2223798b2b58bef19,4,5,4,5
dm-test-e43eef75de38d246db9d80216ca9f5487215a78b,3,2,2,3
dm-test-02c955067d00f38b6978b805d5a8701a787f78ac,3,5,1,2
dm-test-18243373494a1722ddcd162ec67b63dd749633ab,5,5,5,5
dm-test-8bc8f134bc3ceaeec0df8f29e96e13d319717ab8,3,3,2,5
dm-test-4001b252a072ac149c70840b22299cc6cfab3bae,5,3,5,3
cnn-test-b1c3fc03a2b74cf4c79844c1fe2fdce70a8a436e,3,2,3,4
cnn-test-fbbafa743a8c2ecd2cedf65c6c61956b2db8ec5c,3,4,2,4
cnn-test-fbbafa743a8c2ecd2cedf65c6c61956b2db8ec5c,3,4,3,3
dm-test-c16c9fa34ccae7e2b9e29c3988ccb74974c4b3c0,4,5,4,4
dm-test-1749a22e2b6facaa057213cb9b33261b319bbd2b,4,4,3,5
dm-test-bd4684a0f5af5dd6ac88d2fb50f902bd7f10217b,3,4,3,4
dm-test-d3c9ce137ba24a69253508b3416630465c050ae4,5,5,4,5
dm-test-6372eff07fd3d6f578f90d6115e01747edccc095,4,4,4,5
dm-test-8764fb95bfad8ee849274873a92fb8d6b400eee2,5,5,5,5
dm-test-54b857a66cbd8473d6732e5da52d48612e636a37,3,2,4,3
dm-test-54b857a66cbd8473d6732e5da52d48612e636a37,2,2,2,3
dm-test-4a593dc4c7e0b4d09bfdc66bb315c47b54eb15df,2,5,2,3
dm-test-4a593dc4c7e0b4d09bfdc66bb315c47b54eb15df,4,5,3,5
dm-test-81bd721b16cad47dfd8d24baca5b30b006291db2,4,5,3,4
dm-test-a3b6201aca77b5bdaa5df02d6acee2be66233237,4,5,4,5
cnn-test-e49792c337d3f4c13e22f710efa44cf6a4e59aba,4,5,3,4
dm-test-02c955067d00f38b6978b805d5a8701a787f78ac,3,2,2,3
dm-test-02c955067d00f38b6978b805d5a8701a787f78ac,4,5,3,5
dm-test-97bbda7ec22a736cd174b51513c72a6372d13d35,2,1,3,3
dm-test-9b5a04b9879fe716a2dcd66dd331f99534603c16,4,4,4,4
dm-test-0cdd7cdb5d99c36f25f1f4fa0e962d558f7ff07b,4,5,4,4
dm-test-18243373494a1722ddcd162ec67b63dd749633ab,2,2,2,2
dm-test-c16c9fa34ccae7e2b9e29c3988ccb74974c4b3c0,4,5,2,5
dm-test-8b51a10370a1219137e231192e65b9cd52238ea6,4,4,3,5
dm-test-1747dcd6a007ee97954b6b10cde549bf82f6a4eb,5,5,5,4
dm-test-8764fb95bfad8ee849274873a92fb8d6b400eee2,2,3,2,3
cnn-test-d75b043ebefc3098aea84d92bb8bec0f509b1563,4,5,3,4
dm-test-155754e1f2bc83f6836af78703edd4d00f19f381,4,4,3,3
dm-test-8764fb95bfad8ee849274873a92fb8d6b400eee2,4,4,3,4
dm-test-f468efac7b3c54f8c42c2c81dff108c52ebe0d7d,1,1,1,2
dm-test-b5bc2ae78441e4ac08fb01823d5fc0f1627c3166,2,3,2,3
cnn-test-b1c3fc03a2b74cf4c79844c1fe2fdce70a8a436e,3,5,2,4
dm-test-9beaaf73e4517d5bf1bc284f386485d571da96cf,3,4,2,3
dm-test-b5925c1a02fa9a8f6b1d5ad764c19a732deac0df,4,5,3,4
dm-test-9b1af0f993d78353ebd56a1b180e882e751527b3,5,5,3,5
dm-test-b255397ee863bd8faf9def57c0f76769153d905e,4,5,4,5
dm-test-9b5a04b9879fe716a2dcd66dd331f99534603c16,4,4,3,4
dm-test-36352fd1c61fd0c593ee7b84cbe213aa9b444439,2,4,2,4
dm-test-4001b252a072ac149c70840b22299cc6cfab3bae,3,4,3,4
dm-test-46609841ffd23e9c22d1507edf7b176ecc4d834f,2,2,2,3
dm-test-0cdd7cdb5d99c36f25f1f4fa0e962d558f7ff07b,3,2,3,3
dm-test-26e4e19d945cedcb489f28808c730658139c9415,4,5,3,4
dm-test-c16c9fa34ccae7e2b9e29c3988ccb74974c4b3c0,4,4,3,4
dm-test-54b857a66cbd8473d6732e5da52d48612e636a37,4,5,3,4
cnn-test-5139ccfabee55ddb83e7937f5802c0a67aee8975,3,4,2,4
dm-test-e7d8b6617691ea00d4ddc5fe2b7cbd105ba9a57e,4,3,3,4
dm-test-bd4684a0f5af5dd6ac88d2fb50f902bd7f10217b,1,1,2,2
dm-test-81bd721b16cad47dfd8d24baca5b30b006291db2,1,1,1,2
dm-test-0cd10ad50ceef529d96a255ed12ac9cd001ba9db,2,2,2,3
dm-test-9d0fcbd873927674d12aafce4ae7754fd591d4e2,4,4,4,4
cnn-test-88c2481234e763c9bbc68d0ab1be1d2375c1349a,2,1,2,2
cnn-test-5139ccfabee55ddb83e7937f5802c0a67aee8975,5,5,5,4
dm-test-808a439a5d83fc47baaea934c8779a7ebc62470d,2,4,2,3
dm-test-b5bc2ae78441e4ac08fb01823d5fc0f1627c3166,4,4,3,4
dm-test-bd4684a0f5af5dd6ac88d2fb50f902bd7f10217b,4,4,3,4
dm-test-c6667409fcdea2c89ba9f0d3a72c50e3967b4b1b,2,2,3,2
dm-test-e470f0a87d7513bf880412524332047020422c3f,2,2,2,3
cnn-test-404f859482d47c127868964a9a39d1a7645dd2e9,3,4,2,4
dm-test-d680ebcdcd59fd5ee9b602a06bcd5230c212835b,4,5,3,4
dm-test-d296270ab4a4cf20f2d9c1aae7514687806f2b35,5,5,5,5
dm-test-f26d8400ae49b90d109c165d0f44b8f6ca253c08,2,3,2,4
cnn-test-bcdb32ae644040a721da880fff9c1d502048cd8b,3,2,3,4
cnn-test-d75b043ebefc3098aea84d92bb8bec0f509b1563,5,5,4,4
dm-test-2cf8c2d1d2ceb1980249f77e703f9039e63799d0,3,2,2,4
cnn-test-e49792c337d3f4c13e22f710efa44cf6a4e59aba,2,2,2,3
cnn-test-b1c3fc03a2b74cf4c79844c1fe2fdce70a8a436e,3,3,2,4
dm-test-2cf8c2d1d2ceb1980249f77e703f9039e63799d0,3,4,2,4
dm-test-e470f0a87d7513bf880412524332047020422c3f,4,5,4,5
dm-test-e470f0a87d7513bf880412524332047020422c3f,4,5,3,4
dm-test-97bbda7ec22a736cd174b51513c72a6372d13d35,3,4,2,3
dm-test-54b857a66cbd8473d6732e5da52d48612e636a37,4,5,4,4
dm-test-4a593dc4c7e0b4d09bfdc66bb315c47b54eb15df,4,4,4,4
dm-test-096e418a953af86df0d1560bec95bc7bfee2e34b,3,4,2,4
dm-test-7cba80e83b222801fed8d6f96e8c0aa381c54b28,3,4,2,4
dm-test-6c1341bedf92a304318545fbf1aad88651de7909,5,5,5,5
dm-test-cf4ba8f94f2dd5604eb8f8a4e655c10cf0996365,5,5,4,5
dm-test-f468efac7b3c54f8c42c2c81dff108c52ebe0d7d,4,5,3,4
dm-test-a3b6201aca77b5bdaa5df02d6acee2be66233237,4,5,4,4
cnn-test-b8b6e729fff27c4eef87887e61d3448de9c063f6,2,2,2,3
dm-test-801763443e6c73e3857039f2223798b2b58bef19,2,2,2,3
dm-test-e428e25bbf8e06643154ce31b7c6fab64c81e857,2,2,2,3
dm-test-096e418a953af86df0d1560bec95bc7bfee2e34b,2,1,2,2
cnn-test-fbbafa743a8c2ecd2cedf65c6c61956b2db8ec5c,4,5,3,4
dm-test-155754e1f2bc83f6836af78703edd4d00f19f381,4,4,4,4
dm-test-31114653cd606fd3f4b1035f98dedd71f8282cd2,3,4,3,4
cnn-test-4761dc6d8bdf56b9ada97104113dd1bcf4aed3f1,4,5,4,5
dm-test-155754e1f2bc83f6836af78703edd4d00f19f381,3,4,4,4
dm-test-6721edf88c95f480a4db2c63649dbb03736aeadf,3,4,2,2
cnn-test-4761dc6d8bdf56b9ada97104113dd1bcf4aed3f1,2,2,1,2
dm-test-9d0fcbd873927674d12aafce4ae7754fd591d4e2,2,2,2,2
dm-test-632cfdb03aacd90a34a470f6a70b47eee62ec5f0,3,5,3,4
dm-test-31114653cd606fd3f4b1035f98dedd71f8282cd2,3,5,3,4
dm-test-998cb27197db1fd299aff3322ac041ba4bf1148f,5,5,3,4
cnn-test-a02e362c5b8f049848ce718b37b96117485461cf,4,5,4,5
dm-test-e06ff0eb7c4fa4416fda84a9a239b15480c5a9d9,3,4,3,3
dm-test-81bd721b16cad47dfd8d24baca5b30b006291db2,3,5,3,4
cnn-test-e49792c337d3f4c13e22f710efa44cf6a4e59aba,5,5,4,5
dm-test-4f3b35b540ba05f0f82d71a694ec23dde4dc3e01,4,5,5,4
dm-test-096e418a953af86df0d1560bec95bc7bfee2e34b,4,4,5,4
dm-test-0cdd7cdb5d99c36f25f1f4fa0e962d558f7ff07b,4,5,4,5
dm-test-2cfc33d01364162579f46b2764914a03a29453ce,4,5,4,5
dm-test-2a48112ddee712f2364f128076cb2db555a043b1,3,4,2,4
cnn-test-e2bccd4dec93c9bb7b327827dae004c2d494ec31,3,5,3,3
dm-test-096e418a953af86df0d1560bec95bc7bfee2e34b,4,4,4,4
cnn-test-b1c3fc03a2b74cf4c79844c1fe2fdce70a8a436e,5,5,5,4
dm-test-02c955067d00f38b6978b805d5a8701a787f78ac,1,1,1,2
dm-test-26e4e19d945cedcb489f28808c730658139c9415,3,4,3,4
dm-test-14c813567696f4e63a39993c09d4edb454036179,3,4,3,3
cnn-test-88c2481234e763c9bbc68d0ab1be1d2375c1349a,5,5,5,5
dm-test-18243373494a1722ddcd162ec67b63dd749633ab,4,4,3,4
dm-test-6721edf88c95f480a4db2c63649dbb03736aeadf,4,4,3,4
dm-test-46609841ffd23e9c22d1507edf7b176ecc4d834f,4,5,4,5
dm-test-130ff8f2dfb6ab67861d5924b0ff5acd63c7d8ce,3,3,2,4
dm-test-cf4ba8f94f2dd5604eb8f8a4e655c10cf0996365,4,3,4,4
dm-test-9afda3cde191a883d8c166ceb5765eb53205d8f4,4,5,4,5
dm-test-0783c68a744df6afa009d16e72709f2b4d90dea1,5,5,4,5
dm-test-2377095dda83df778e34304b7a09813808105d3b,3,2,3,4
dm-test-2377095dda83df778e34304b7a09813808105d3b,3,4,2,4
dm-test-97bbda7ec22a736cd174b51513c72a6372d13d35,4,5,4,5
dm-test-5be0a9584b051175d9f4842a143b76385335d96a,4,5,3,4
dm-test-0cdd7cdb5d99c36f25f1f4fa0e962d558f7ff07b,4,5,3,5
dm-test-d296270ab4a4cf20f2d9c1aae7514687806f2b35,4,5,4,4
dm-test-155754e1f2bc83f6836af78703edd4d00f19f381,4,4,4,4
dm-test-6721edf88c95f480a4db2c63649dbb03736aeadf,3,3,4,4
dm-test-e470f0a87d7513bf880412524332047020422c3f,4,4,3,4
cnn-test-fbbafa743a8c2ecd2cedf65c6c61956b2db8ec5c,1,1,2,1
cnn-test-e2bccd4dec93c9bb7b327827dae004c2d494ec31,2,5,2,3
dm-test-36352fd1c61fd0c593ee7b84cbe213aa9b444439,4,5,5,3
dm-test-9b1af0f993d78353ebd56a1b180e882e751527b3,5,5,5,5
dm-test-f468efac7b3c54f8c42c2c81dff108c52ebe0d7d,5,5,5,5
cnn-test-b1c3fc03a2b74cf4c79844c1fe2fdce70a8a436e,4,4,2,4
dm-test-2feca9acf532e33f1ab7442c442c8e19787d8d7b,3,4,3,3
dm-test-8847383b72167c3f3dd2161b5b091b580c8f4da7,5,5,5,5
dm-test-207df192edc1836250b69d1bc5b9e6a38206eb78,4,3,3,4
dm-test-5be0a9584b051175d9f4842a143b76385335d96a,3,4,2,3
dm-test-18243373494a1722ddcd162ec67b63dd749633ab,4,5,4,5
dm-test-6f027d030f9ca86446dc893f1d10ced4c9a3561f,2,3,1,3
cnn-test-88c2481234e763c9bbc68d0ab1be1d2375c1349a,3,4,2,2
dm-test-e880fda4c25289f8325574246f0f8ed4ff5eb26b,4,5,3,4
dm-test-a3b6201aca77b5bdaa5df02d6acee2be66233237,4,4,3,4
dm-test-0cd10ad50ceef529d96a255ed12ac9cd001ba9db,5,5,5,5
dm-test-46609841ffd23e9c22d1507edf7b176ecc4d834f,3,5,3,4
dm-test-81bd721b16cad47dfd8d24baca5b30b006291db2,5,5,4,4
dm-test-c16c9fa34ccae7e2b9e29c3988ccb74974c4b3c0,4,4,4,4
dm-test-4f3b35b540ba05f0f82d71a694ec23dde4dc3e01,4,4,3,4
dm-test-9afda3cde191a883d8c166ceb5765eb53205d8f4,2,2,2,3
dm-test-7cba80e83b222801fed8d6f96e8c0aa381c54b28,1,2,1,3
dm-test-d296270ab4a4cf20f2d9c1aae7514687806f2b35,4,5,3,4
dm-test-dea0ed2e587495e516ac85056e21a2076a9a993c,5,5,5,4
dm-test-97bbda7ec22a736cd174b51513c72a6372d13d35,2,1,3,2
cnn-test-404f859482d47c127868964a9a39d1a7645dd2e9,4,5,4,4
dm-test-b255397ee863bd8faf9def57c0f76769153d905e,2,4,2,4
dm-test-03e271b4305517e02c9ead82d57327d32b99102e,2,2,2,2
dm-test-e470f0a87d7513bf880412524332047020422c3f,4,5,4,4
dm-test-998cb27197db1fd299aff3322ac041ba4bf1148f,4,4,3,3
dm-test-23e8c1d71474d239aa9ae37b9a05031b0054b8ce,2,2,2,3
cnn-test-fbbafa743a8c2ecd2cedf65c6c61956b2db8ec5c,4,3,4,4
dm-test-6f027d030f9ca86446dc893f1d10ced4c9a3561f,2,2,2,3
dm-test-2377095dda83df778e34304b7a09813808105d3b,5,5,5,5
dm-test-b255397ee863bd8faf9def57c0f76769153d905e,4,5,3,4
dm-test-c16c9fa34ccae7e2b9e29c3988ccb74974c4b3c0,4,5,4,4
dm-test-4e0de0ec6d5b9df174f54d03158de8f30aac861f,3,2,2,4
dm-test-9d0fcbd873927674d12aafce4ae7754fd591d4e2,3,4,3,4
dm-test-2c6695b438980783754f7db28129ec2fbb3e6e21,3,4,2,3
dm-test-f26d8400ae49b90d109c165d0f44b8f6ca253c08,4,5,3,5
dm-test-e43eef75de38d246db9d80216ca9f5487215a78b,4,4,3,4
dm-test-130ff8f2dfb6ab67861d5924b0ff5acd63c7d8ce,4,4,3,4
cnn-test-fbbafa743a8c2ecd2cedf65c6c61956b2db8ec5c,4,5,4,5
dm-test-14c813567696f4e63a39993c09d4edb454036179,2,2,4,3
dm-test-8bc8f134bc3ceaeec0df8f29e96e13d319717ab8,3,5,2,4
dm-test-4f3b35b540ba05f0f82d71a694ec23dde4dc3e01,4,4,3,4
dm-test-632cfdb03aacd90a34a470f6a70b47eee62ec5f0,5,5,5,5
dm-test-36352fd1c61fd0c593ee7b84cbe213aa9b444439,1,1,2,2
dm-test-0cdd7cdb5d99c36f25f1f4fa0e962d558f7ff07b,3,4,3,3
dm-test-8e6c8aec6808f66ed0342e128a4e146f3ecd627d,4,5,3,5
dm-test-bd4684a0f5af5dd6ac88d2fb50f902bd7f10217b,3,2,3,4
cnn-test-b1c3fc03a2b74cf4c79844c1fe2fdce70a8a436e,4,4,4,4
dm-test-4f3b35b540ba05f0f82d71a694ec23dde4dc3e01,4,3,3,4
cnn-test-a02e362c5b8f049848ce718b37b96117485461cf,4,5,3,4
dm-test-6721edf88c95f480a4db2c63649dbb03736aeadf,4,4,3,3
dm-test-f37fd6e9b6cc18a7132568e307ef3b130931e809,5,5,5,5
dm-test-4e0de0ec6d5b9df174f54d03158de8f30aac861f,5,5,5,4
dm-test-2abe0f81f5b22c8a406165717e3bd7fce6fe47c6,2,3,2,4
cnn-test-b8b6e729fff27c4eef87887e61d3448de9c063f6,3,3,3,3
dm-test-1749a22e2b6facaa057213cb9b33261b319bbd2b,4,5,3,5
dm-test-8764fb95bfad8ee849274873a92fb8d6b400eee2,3,4,3,2
dm-test-0783c68a744df6afa009d16e72709f2b4d90dea1,3,3,2,4
dm-test-cf4ba8f94f2dd5604eb8f8a4e655c10cf0996365,4,5,4,5
dm-test-d296270ab4a4cf20f2d9c1aae7514687806f2b35,5,5,5,5
cnn-test-e49792c337d3f4c13e22f710efa44cf6a4e59aba,3,3,2,3
dm-test-2cf8c2d1d2ceb1980249f77e703f9039e63799d0,1,1,2,2
dm-test-f26d8400ae49b90d109c165d0f44b8f6ca253c08,5,5,4,5
dm-test-4e0de0ec6d5b9df174f54d03158de8f30aac861f,4,4,3,4
dm-test-46609841ffd23e9c22d1507edf7b176ecc4d834f,3,4,2,4
dm-test-f468efac7b3c54f8c42c2c81dff108c52ebe0d7d,3,4,3,4
dm-test-2a48112ddee712f2364f128076cb2db555a043b1,5,5,5,5
dm-test-1749a22e2b6facaa057213cb9b33261b319bbd2b,4,4,4,5
dm-test-4fb64a2298e18626db776fccf834be87388827e0,4,5,3,4
dm-test-0f0789390d67698283cc87b2e046b5c5cd77edb7,4,5,5,5
dm-test-81bd721b16cad47dfd8d24baca5b30b006291db2,4,5,4,5
dm-test-a3b6201aca77b5bdaa5df02d6acee2be66233237,3,5,3,5
dm-test-a3b6201aca77b5bdaa5df02d6acee2be66233237,4,2,3,4
dm-test-03e271b4305517e02c9ead82d57327d32b99102e,2,3,2,3
cnn-test-b1c3fc03a2b74cf4c79844c1fe2fdce70a8a436e,4,5,3,4
dm-test-f5fead94ee884800e84a212cc0edc78b11c4ba9f,5,5,5,4
dm-test-e06ff0eb7c4fa4416fda84a9a239b15480c5a9d9,3,4,2,4
dm-test-d680ebcdcd59fd5ee9b602a06bcd5230c212835b,3,4,2,4
dm-test-130ff8f2dfb6ab67861d5924b0ff5acd63c7d8ce,4,5,3,5
dm-test-207df192edc1836250b69d1bc5b9e6a38206eb78,4,4,4,5
dm-test-0783c68a744df6afa009d16e72709f2b4d90dea1,4,5,3,4
dm-test-36352fd1c61fd0c593ee7b84cbe213aa9b444439,4,5,4,4
dm-test-e43eef75de38d246db9d80216ca9f5487215a78b,3,4,2,2
cnn-test-4761dc6d8bdf56b9ada97104113dd1bcf4aed3f1,4,3,4,4
dm-test-e428e25bbf8e06643154ce31b7c6fab64c81e857,5,5,5,5
dm-test-1747dcd6a007ee97954b6b10cde549bf82f6a4eb,4,5,3,5
dm-test-4001b252a072ac149c70840b22299cc6cfab3bae,4,5,3,5
dm-test-1747dcd6a007ee97954b6b10cde549bf82f6a4eb,5,5,4,5
cnn-test-b8b6e729fff27c4eef87887e61d3448de9c063f6,4,5,4,4
dm-test-051db270afc32571a08c15124330efe89d80fea8,3,4,2,4
dm-test-0f0789390d67698283cc87b2e046b5c5cd77edb7,3,4,2,4
cnn-test-c05bda9b387ec8ae43803170b6f59b4b82505db9,4,5,5,5
cnn-test-404f859482d47c127868964a9a39d1a7645dd2e9,4,3,4,4
dm-test-2a48112ddee712f2364f128076cb2db555a043b1,4,5,3,4
dm-test-d296270ab4a4cf20f2d9c1aae7514687806f2b35,4,5,4,5
dm-test-18243373494a1722ddcd162ec67b63dd749633ab,4,4,3,4
dm-test-36352fd1c61fd0c593ee7b84cbe213aa9b444439,4,4,5,4
dm-test-2feca9acf532e33f1ab7442c442c8e19787d8d7b,2,1,3,3
dm-test-e880fda4c25289f8325574246f0f8ed4ff5eb26b,4,5,3,5
dm-test-46609841ffd23e9c22d1507edf7b176ecc4d834f,4,5,4,5
dm-test-4a593dc4c7e0b4d09bfdc66bb315c47b54eb15df,1,1,1,2
dm-test-9b1af0f993d78353ebd56a1b180e882e751527b3,2,2,1,2
dm-test-c6667409fcdea2c89ba9f0d3a72c50e3967b4b1b,4,4,3,4
dm-test-4fb64a2298e18626db776fccf834be87388827e0,4,3,4,4
cnn-test-bcdb32ae644040a721da880fff9c1d502048cd8b,4,5,4,3
dm-test-e06ff0eb7c4fa4416fda84a9a239b15480c5a9d9,2,4,2,4
dm-test-26e4e19d945cedcb489f28808c730658139c9415,5,5,5,4
dm-test-36352fd1c61fd0c593ee7b84cbe213aa9b444439,3,3,2,2
dm-test-f37fd6e9b6cc18a7132568e307ef3b130931e809,5,5,4,5
dm-test-fadabe346fe95d33eee71299e6596754768f5246,4,4,3,4
dm-test-2377095dda83df778e34304b7a09813808105d3b,3,4,3,4
dm-test-f468efac7b3c54f8c42c2c81dff108c52ebe0d7d,3,2,2,3
dm-test-e06ff0eb7c4fa4416fda84a9a239b15480c5a9d9,4,5,2,5
dm-test-207df192edc1836250b69d1bc5b9e6a38206eb78,4,4,3,5
dm-test-4a593dc4c7e0b4d09bfdc66bb315c47b54eb15df,4,5,4,5
dm-test-b5bc2ae78441e4ac08fb01823d5fc0f1627c3166,4,4,4,4
dm-test-8b51a10370a1219137e231192e65b9cd52238ea6,4,5,3,5
dm-test-e880fda4c25289f8325574246f0f8ed4ff5eb26b,3,2,2,3
dm-test-e470f0a87d7513bf880412524332047020422c3f,3,5,2,5
dm-test-fadabe346fe95d33eee71299e6596754768f5246,4,4,3,4
dm-test-7cba80e83b222801fed8d6f96e8c0aa381c54b28,3,4,2,4
dm-test-23e8c1d71474d239aa9ae37b9a05031b0054b8ce,2,2,2,3
dm-test-d680ebcdcd59fd5ee9b602a06bcd5230c212835b,4,5,4,4
dm-test-8847383b72167c3f3dd2161b5b091b580c8f4da7,5,5,4,5
dm-test-f5fead94ee884800e84a212cc0edc78b11c4ba9f,5,5,5,4
dm-test-3785743303ddb8b594be7c449a37458b99e83812,3,4,3,4
dm-test-1749a22e2b6facaa057213cb9b33261b319bbd2b,4,4,3,4
dm-test-8bc8f134bc3ceaeec0df8f29e96e13d319717ab8,2,2,2,4
dm-test-18243373494a1722ddcd162ec67b63dd749633ab,2,1,4,2
dm-test-b1f6faac3f406edca1e0cad8cce1319c83e62605,5,5,4,4
dm-test-6721edf88c95f480a4db2c63649dbb03736aeadf,3,4,2,4
cnn-test-b8b6e729fff27c4eef87887e61d3448de9c063f6,3,4,4,4
dm-test-2abe0f81f5b22c8a406165717e3bd7fce6fe47c6,4,5,4,5
dm-test-f37fd6e9b6cc18a7132568e307ef3b130931e809,4,5,4,4
dm-test-e428e25bbf8e06643154ce31b7c6fab64c81e857,2,4,2,2
dm-test-6372eff07fd3d6f578f90d6115e01747edccc095,2,2,2,3
dm-test-36352fd1c61fd0c593ee7b84cbe213aa9b444439,3,4,2,4
dm-test-8847383b72167c3f3dd2161b5b091b580c8f4da7,4,5,4,5
dm-test-632cfdb03aacd90a34a470f6a70b47eee62ec5f0,3,4,3,4
dm-test-2cf8c2d1d2ceb1980249f77e703f9039e63799d0,4,5,5,4
dm-test-130ff8f2dfb6ab67861d5924b0ff5acd63c7d8ce,2,2,2,2
dm-test-6c1341bedf92a304318545fbf1aad88651de7909,3,3,2,4
dm-test-e06ff0eb7c4fa4416fda84a9a239b15480c5a9d9,4,5,5,5
dm-test-b5bc2ae78441e4ac08fb01823d5fc0f1627c3166,2,1,1,2
dm-test-46609841ffd23e9c22d1507edf7b176ecc4d834f,4,5,2,4
dm-test-4a593dc4c7e0b4d09bfdc66bb315c47b54eb15df,2,3,2,3
dm-test-e43eef75de38d246db9d80216ca9f5487215a78b,4,5,5,4
dm-test-0cdd7cdb5d99c36f25f1f4fa0e962d558f7ff07b,5,5,5,5
dm-test-051db270afc32571a08c15124330efe89d80fea8,5,5,5,5
dm-test-9beaaf73e4517d5bf1bc284f386485d571da96cf,5,5,4,5
dm-test-e880fda4c25289f8325574246f0f8ed4ff5eb26b,4,4,3,3
dm-test-9beaaf73e4517d5bf1bc284f386485d571da96cf,3,4,2,4
dm-test-6f027d030f9ca86446dc893f1d10ced4c9a3561f,4,5,3,4
dm-test-096e418a953af86df0d1560bec95bc7bfee2e34b,3,4,3,2
dm-test-e428e25bbf8e06643154ce31b7c6fab64c81e857,3,5,2,4
dm-test-e7d8b6617691ea00d4ddc5fe2b7cbd105ba9a57e,4,5,3,5
dm-test-6c1341bedf92a304318545fbf1aad88651de7909,2,2,3,2
dm-test-bd4684a0f5af5dd6ac88d2fb50f902bd7f10217b,4,5,3,3
dm-test-f468efac7b3c54f8c42c2c81dff108c52ebe0d7d,4,3,3,3
dm-test-2377095dda83df778e34304b7a09813808105d3b,2,1,1,3
dm-test-2a48112ddee712f2364f128076cb2db555a043b1,2,2,2,3
dm-test-9b1af0f993d78353ebd56a1b180e882e751527b3,2,3,2,3
dm-test-f5fead94ee884800e84a212cc0edc78b11c4ba9f,4,3,2,4
dm-test-eeef09d26cf30c2124c0399b08eedc6321fe5d20,4,5,3,4
cnn-test-a02e362c5b8f049848ce718b37b96117485461cf,5,5,5,4
dm-test-b5925c1a02fa9a8f6b1d5ad764c19a732deac0df,1,1,1,2
dm-test-b5925c1a02fa9a8f6b1d5ad764c19a732deac0df,3,4,2,3
dm-test-8b59fa7715418c4bcc0d50e3caeb239129de453e,3,4,3,3
dm-test-8bc8f134bc3ceaeec0df8f29e96e13d319717ab8,3,2,2,4
dm-test-2cfc33d01364162579f46b2764914a03a29453ce,3,2,2,2
dm-test-e470f0a87d7513bf880412524332047020422c3f,3,5,3,4
dm-test-0f0789390d67698283cc87b2e046b5c5cd77edb7,5,5,4,5
dm-test-9b5a04b9879fe716a2dcd66dd331f99534603c16,4,4,3,4
dm-test-9b5a04b9879fe716a2dcd66dd331f99534603c16,4,4,3,5
dm-test-3785743303ddb8b594be7c449a37458b99e83812,2,4,2,4
dm-test-1749a22e2b6facaa057213cb9b33261b319bbd2b,4,4,3,5
dm-test-8b59fa7715418c4bcc0d50e3caeb239129de453e,4,5,2,5
dm-test-8bc8f134bc3ceaeec0df8f29e96e13d319717ab8,2,2,3,3
dm-test-808a439a5d83fc47baaea934c8779a7ebc62470d,3,4,3,4
dm-test-0cdd7cdb5d99c36f25f1f4fa0e962d558f7ff07b,5,5,5,5
dm-test-8847383b72167c3f3dd2161b5b091b580c8f4da7,4,5,3,5
cnn-test-c05bda9b387ec8ae43803170b6f59b4b82505db9,4,5,4,4
dm-test-998cb27197db1fd299aff3322ac041ba4bf1148f,1,1,1,2
dm-test-d296270ab4a4cf20f2d9c1aae7514687806f2b35,4,5,3,4
dm-test-26e4e19d945cedcb489f28808c730658139c9415,4,4,3,4
cnn-test-a02e362c5b8f049848ce718b37b96117485461cf,3,5,3,4
dm-test-6372eff07fd3d6f578f90d6115e01747edccc095,5,5,5,5
cnn-test-a02e362c5b8f049848ce718b37b96117485461cf,4,5,3,4
cnn-test-88c2481234e763c9bbc68d0ab1be1d2375c1349a,4,4,3,4
dm-test-207df192edc1836250b69d1bc5b9e6a38206eb78,4,4,3,4
dm-test-23e8c1d71474d239aa9ae37b9a05031b0054b8ce,5,5,5,5
dm-test-4e0de0ec6d5b9df174f54d03158de8f30aac861f,2,2,2,3
dm-test-d680ebcdcd59fd5ee9b602a06bcd5230c212835b,4,5,5,5
dm-test-2a48112ddee712f2364f128076cb2db555a043b1,5,4,4,5
dm-test-36352fd1c61fd0c593ee7b84cbe213aa9b444439,4,3,2,4
dm-test-dea0ed2e587495e516ac85056e21a2076a9a993c,5,5,4,5
dm-test-b5bc2ae78441e4ac08fb01823d5fc0f1627c3166,2,2,2,4
dm-test-8b59fa7715418c4bcc0d50e3caeb239129de453e,2,1,2,2
dm-test-9b5a04b9879fe716a2dcd66dd331f99534603c16,4,4,4,4
dm-test-31114653cd606fd3f4b1035f98dedd71f8282cd2,4,5,3,4
dm-test-c6667409fcdea2c89ba9f0d3a72c50e3967b4b1b,4,4,2,4
dm-test-4a593dc4c7e0b4d09bfdc66bb315c47b54eb15df,2,3,2,4
dm-test-130ff8f2dfb6ab67861d5924b0ff5acd63c7d8ce,4,5,4,5
dm-test-26e4e19d945cedcb489f28808c730658139c9415,4,5,5,4
dm-test-eeef09d26cf30c2124c0399b08eedc6321fe5d20,4,5,4,4
dm-test-2c37d44d03ce2e91310339d884d33ee5aabf9abc,5,5,5,5
dm-test-e43eef75de38d246db9d80216ca9f5487215a78b,4,4,3,4
dm-test-b255397ee863bd8faf9def57c0f76769153d905e,4,4,4,4
dm-test-d3c9ce137ba24a69253508b3416630465c050ae4,4,4,3,5
dm-test-4fb64a2298e18626db776fccf834be87388827e0,5,5,4,5
dm-test-2377095dda83df778e34304b7a09813808105d3b,3,4,2,4
dm-test-bd4684a0f5af5dd6ac88d2fb50f902bd7f10217b,4,5,4,4
dm-test-c6667409fcdea2c89ba9f0d3a72c50e3967b4b1b,4,4,4,4
dm-test-7cba80e83b222801fed8d6f96e8c0aa381c54b28,3,4,2,4
dm-test-54b857a66cbd8473d6732e5da52d48612e636a37,3,5,2,4
dm-test-fadabe346fe95d33eee71299e6596754768f5246,4,3,2,3
dm-test-a3b6201aca77b5bdaa5df02d6acee2be66233237,5,5,5,4
cnn-test-bcdb32ae644040a721da880fff9c1d502048cd8b,3,4,3,3
dm-test-4e0de0ec6d5b9df174f54d03158de8f30aac861f,3,3,3,4
dm-test-81bd721b16cad47dfd8d24baca5b30b006291db2,3,4,2,3
dm-test-9afda3cde191a883d8c166ceb5765eb53205d8f4,2,3,2,4
dm-test-6372eff07fd3d6f578f90d6115e01747edccc095,4,4,3,4
dm-test-8764fb95bfad8ee849274873a92fb8d6b400eee2,3,4,3,4
dm-test-051db270afc32571a08c15124330efe89d80fea8,4,5,4,4
dm-test-b1f6faac3f406edca1e0cad8cce1319c83e62605,3,4,3,3
dm-test-8847383b72167c3f3dd2161b5b091b580c8f4da7,3,4,2,4
dm-test-36352fd1c61fd0c593ee7b84cbe213aa9b444439,2,1,2,3
dm-test-808a439a5d83fc47baaea934c8779a7ebc62470d,4,4,3,4
cnn-test-e49792c337d3f4c13e22f710efa44cf6a4e59aba,2,2,2,2
dm-test-18243373494a1722ddcd162ec67b63dd749633ab,4,5,3,4
dm-test-54b857a66cbd8473d6732e5da52d48612e636a37,5,5,4,5
cnn-test-a02e362c5b8f049848ce718b37b96117485461cf,4,5,4,4
dm-test-9beaaf73e4517d5bf1bc284f386485d571da96cf,4,5,3,4
dm-test-e428e25bbf8e06643154ce31b7c6fab64c81e857,4,5,3,4
dm-test-b255397ee863bd8faf9def57c0f76769153d905e,4,5,3,4
dm-test-c16c9fa34ccae7e2b9e29c3988ccb74974c4b3c0,5,5,4,5
dm-test-2abe0f81f5b22c8a406165717e3bd7fce6fe47c6,2,2,2,4
dm-test-3785743303ddb8b594be7c449a37458b99e83812,2,2,4,3
dm-test-4e0de0ec6d5b9df174f54d03158de8f30aac861f,3,4,3,4
dm-test-8847383b72167c3f3dd2161b5b091b580c8f4da7,4,5,3,5
dm-test-2cfc33d01364162579f46b2764914a03a29453ce,4,5,4,4
dm-test-8bc8f134bc3ceaeec0df8f29e96e13d319717ab8,5,5,5,5
dm-test-14c813567696f4e63a39993c09d4edb454036179,3,4,3,4
dm-test-130ff8f2dfb6ab67861d5924b0ff5acd63c7d8ce,2,2,2,2
cnn-test-4761dc6d8bdf56b9ada97104113dd1bcf4aed3f1,3,4,3,4
dm-test-46609841ffd23e9c22d1507edf7b176ecc4d834f,4,5,5,4
dm-test-6c1341bedf92a304318545fbf1aad88651de7909,3,4,3,5
cnn-test-c05bda9b387ec8ae43803170b6f59b4b82505db9,5,5,4,5
dm-test-096e418a953af86df0d1560bec95bc7bfee2e34b,3,4,3,3
dm-test-d89de9c2a76f2665560becfe5d761a4fc62b9926,3,4,3,4
cnn-test-88c2481234e763c9bbc68d0ab1be1d2375c1349a,2,3,2,4
cnn-test-404f859482d47c127868964a9a39d1a7645dd2e9,2,3,2,2
cnn-test-88c2481234e763c9bbc68d0ab1be1d2375c1349a,4,5,3,4
dm-test-e7d8b6617691ea00d4ddc5fe2b7cbd105ba9a57e,5,5,5,5
dm-test-3ba3bde4a1440134bb38ec22ba50db59986b544c,4,5,4,4
dm-test-0cd10ad50ceef529d96a255ed12ac9cd001ba9db,4,5,4,5
dm-test-0783c68a744df6afa009d16e72709f2b4d90dea1,2,2,1,4
dm-test-e43eef75de38d246db9d80216ca9f5487215a78b,3,4,3,3
cnn-test-5139ccfabee55ddb83e7937f5802c0a67aee8975,4,5,3,4
dm-test-e7d8b6617691ea00d4ddc5fe2b7cbd105ba9a57e,2,4,2,4
dm-test-4a593dc4c7e0b4d09bfdc66bb315c47b54eb15df,4,4,3,4
dm-test-0f0789390d67698283cc87b2e046b5c5cd77edb7,4,4,3,4
dm-test-8e6c8aec6808f66ed0342e128a4e146f3ecd627d,4,5,3,4
dm-test-f5fead94ee884800e84a212cc0edc78b11c4ba9f,4,5,4,5
dm-test-bd4684a0f5af5dd6ac88d2fb50f902bd7f10217b,3,4,2,4
dm-test-b5bc2ae78441e4ac08fb01823d5fc0f1627c3166,2,1,2,2
dm-test-46609841ffd23e9c22d1507edf7b176ecc4d834f,4,5,5,4
dm-test-eeef09d26cf30c2124c0399b08eedc6321fe5d20,3,4,2,4
dm-test-d296270ab4a4cf20f2d9c1aae7514687806f2b35,4,5,5,5
dm-test-4e0de0ec6d5b9df174f54d03158de8f30aac861f,3,4,3,4
dm-test-4e0de0ec6d5b9df174f54d03158de8f30aac861f,3,3,2,4
dm-test-8e6c8aec6808f66ed0342e128a4e146f3ecd627d,2,4,2,4
dm-test-b255397ee863bd8faf9def57c0f76769153d905e,3,5,3,4
dm-test-0783c68a744df6afa009d16e72709f2b4d90dea1,4,5,3,5
dm-test-808a439a5d83fc47baaea934c8779a7ebc62470d,2,2,2,3
dm-test-81bd721b16cad47dfd8d24baca5b30b006291db2,4,5,4,3
dm-test-9b5a04b9879fe716a2dcd66dd331f99534603c16,2,2,2,3
dm-test-6721edf88c95f480a4db2c63649dbb03736aeadf,4,4,3,3
dm-test-b255397ee863bd8faf9def57c0f76769153d905e,3,2,2,3
dm-test-9d0fcbd873927674d12aafce4ae7754fd591d4e2,4,4,3,4
dm-test-f468efac7b3c54f8c42c2c81dff108c52ebe0d7d,5,5,5,5
dm-test-155754e1f2bc83f6836af78703edd4d00f19f381,2,3,2,3
dm-test-14c813567696f4e63a39993c09d4edb454036179,4,4,3,3
dm-test-2377095dda83df778e34304b7a09813808105d3b,4,4,3,4
dm-test-4f3b35b540ba05f0f82d71a694ec23dde4dc3e01,4,5,4,4
dm-test-8b51a10370a1219137e231192e65b9cd52238ea6,3,4,2,4
dm-test-2feca9acf532e33f1ab7442c442c8e19787d8d7b,4,5,3,4
dm-test-eeef09d26cf30c2124c0399b08eedc6321fe5d20,2,4,2,4
cnn-test-5139ccfabee55ddb83e7937f5802c0a67aee8975,5,5,5,4
dm-test-2c6695b438980783754f7db28129ec2fbb3e6e21,2,2,2,4
dm-test-8b59fa7715418c4bcc0d50e3caeb239129de453e,3,2,3,2
dm-test-f37fd6e9b6cc18a7132568e307ef3b130931e809,4,5,4,5
dm-test-051db270afc32571a08c15124330efe89d80fea8,4,5,3,4
dm-test-c50d33e9749e7bb484d9b69c4f5fca35a3a50cb5,4,5,4,5
dm-test-3ba3bde4a1440134bb38ec22ba50db59986b544c,3,3,3,3
dm-test-e880fda4c25289f8325574246f0f8ed4ff5eb26b,4,5,3,5
dm-test-31114653cd606fd3f4b1035f98dedd71f8282cd2,3,4,3,4
dm-test-2c6695b438980783754f7db28129ec2fbb3e6e21,4,4,3,4
dm-test-8847383b72167c3f3dd2161b5b091b580c8f4da7,4,5,5,4
dm-test-7cba80e83b222801fed8d6f96e8c0aa381c54b28,3,4,3,3
cnn-test-b8b6e729fff27c4eef87887e61d3448de9c063f6,4,4,3,3
dm-test-cf4ba8f94f2dd5604eb8f8a4e655c10cf0996365,4,5,4,5
dm-test-2cfc33d01364162579f46b2764914a03a29453ce,2,2,2,2
cnn-test-4761dc6d8bdf56b9ada97104113dd1bcf4aed3f1,2,5,2,2
dm-test-fadabe346fe95d33eee71299e6596754768f5246,4,5,4,3
cnn-test-b1c3fc03a2b74cf4c79844c1fe2fdce70a8a436e,3,2,3,4
dm-test-bd4684a0f5af5dd6ac88d2fb50f902bd7f10217b,3,4,2,3
dm-test-155754e1f2bc83f6836af78703edd4d00f19f381,4,5,3,5
dm-test-4a593dc4c7e0b4d09bfdc66bb315c47b54eb15df,3,4,3,4
dm-test-9b1af0f993d78353ebd56a1b180e882e751527b3,3,4,3,3
cnn-test-e49792c337d3f4c13e22f710efa44cf6a4e59aba,4,4,4,4
dm-test-4001b252a072ac149c70840b22299cc6cfab3bae,4,4,3,4
dm-test-e470f0a87d7513bf880412524332047020422c3f,4,5,4,5
dm-test-c50d33e9749e7bb484d9b69c4f5fca35a3a50cb5,4,5,3,4
dm-test-9afda3cde191a883d8c166ceb5765eb53205d8f4,4,5,3,5
dm-test-fadabe346fe95d33eee71299e6596754768f5246,4,5,3,5
dm-test-0f0789390d67698283cc87b2e046b5c5cd77edb7,3,4,2,4
dm-test-6372eff07fd3d6f578f90d6115e01747edccc095,4,5,3,4
dm-test-e7d8b6617691ea00d4ddc5fe2b7cbd105ba9a57e,3,4,3,4
dm-test-cf4ba8f94f2dd5604eb8f8a4e655c10cf0996365,4,4,2,2
cnn-test-b8b6e729fff27c4eef87887e61d3448de9c063f6,3,4,3,4
dm-test-26e4e19d945cedcb489f28808c730658139c9415,5,5,5,5
dm-test-2cf8c2d1d2ceb1980249f77e703f9039e63799d0,3,4,2,4
dm-test-801763443e6c73e3857039f2223798b2b58bef19,4,5,4,5
dm-test-2c37d44d03ce2e91310339d884d33ee5aabf9abc,4,4,4,3
dm-test-81bd721b16cad47dfd8d24baca5b30b006291db2,4,4,4,4
dm-test-b5bc2ae78441e4ac08fb01823d5fc0f1627c3166,4,5,4,5
cnn-test-c05bda9b387ec8ae43803170b6f59b4b82505db9,4,4,4,4
cnn-test-e2bccd4dec93c9bb7b327827dae004c2d494ec31,1,1,1,2
dm-test-03e271b4305517e02c9ead82d57327d32b99102e,4,5,3,4
dm-test-d680ebcdcd59fd5ee9b602a06bcd5230c212835b,5,5,4,5
dm-test-eeef09d26cf30c2124c0399b08eedc6321fe5d20,3,5,3,4
dm-test-bd4684a0f5af5dd6ac88d2fb50f902bd7f10217b,5,5,5,5
cnn-test-88c2481234e763c9bbc68d0ab1be1d2375c1349a,5,2,5,4
dm-test-b5925c1a02fa9a8f6b1d5ad764c19a732deac0df,2,4,2,3
dm-test-d83b82a9cd504218e604616be3f3c3928e3428b8,4,5,5,4
dm-test-d89de9c2a76f2665560becfe5d761a4fc62b9926,4,5,4,5
cnn-test-e2bccd4dec93c9bb7b327827dae004c2d494ec31,4,4,3,4
dm-test-3785743303ddb8b594be7c449a37458b99e83812,4,5,3,5
cnn-test-404f859482d47c127868964a9a39d1a7645dd2e9,2,2,2,3
dm-test-36352fd1c61fd0c593ee7b84cbe213aa9b444439,3,2,3,2
cnn-test-c05bda9b387ec8ae43803170b6f59b4b82505db9,2,1,2,3
dm-test-03e271b4305517e02c9ead82d57327d32b99102e,3,2,3,2
dm-test-4a593dc4c7e0b4d09bfdc66bb315c47b54eb15df,3,3,3,4
dm-test-6f027d030f9ca86446dc893f1d10ced4c9a3561f,4,5,4,4
cnn-test-b8b6e729fff27c4eef87887e61d3448de9c063f6,4,5,3,3
dm-test-6c1341bedf92a304318545fbf1aad88651de7909,4,4,4,4
dm-test-7cba80e83b222801fed8d6f96e8c0aa381c54b28,3,4,2,4
dm-test-6f027d030f9ca86446dc893f1d10ced4c9a3561f,4,4,3,4
dm-test-4f3b35b540ba05f0f82d71a694ec23dde4dc3e01,4,4,4,3
dm-test-801763443e6c73e3857039f2223798b2b58bef19,5,5,4,5
dm-test-130ff8f2dfb6ab67861d5924b0ff5acd63c7d8ce,3,2,3,2
dm-test-801763443e6c73e3857039f2223798b2b58bef19,3,2,4,3
dm-test-6372eff07fd3d6f578f90d6115e01747edccc095,3,4,2,3
dm-test-f5fead94ee884800e84a212cc0edc78b11c4ba9f,4,5,3,4
dm-test-3785743303ddb8b594be7c449a37458b99e83812,3,3,3,3
dm-test-6372eff07fd3d6f578f90d6115e01747edccc095,3,4,2,4
dm-test-cf4ba8f94f2dd5604eb8f8a4e655c10cf0996365,4,5,5,4
dm-test-9afda3cde191a883d8c166ceb5765eb53205d8f4,3,4,3,4
dm-test-d680ebcdcd59fd5ee9b602a06bcd5230c212835b,2,3,2,3
dm-test-36352fd1c61fd0c593ee7b84cbe213aa9b444439,2,5,2,3
cnn-test-5139ccfabee55ddb83e7937f5802c0a67aee8975,4,4,3,4
dm-test-2cf8c2d1d2ceb1980249f77e703f9039e63799d0,5,5,4,5
dm-test-6372eff07fd3d6f578f90d6115e01747edccc095,4,4,5,4
dm-test-d680ebcdcd59fd5ee9b602a06bcd5230c212835b,3,4,4,4
dm-test-a3b6201aca77b5bdaa5df02d6acee2be66233237,4,5,4,5
dm-test-d680ebcdcd59fd5ee9b602a06bcd5230c212835b,2,2,2,3
dm-test-2c6695b438980783754f7db28129ec2fbb3e6e21,4,4,4,3
cnn-test-5139ccfabee55ddb83e7937f5802c0a67aee8975,4,5,5,4
dm-test-2a48112ddee712f2364f128076cb2db555a043b1,4,5,3,5
dm-test-998cb27197db1fd299aff3322ac041ba4bf1148f,3,3,2,3
dm-test-f5fead94ee884800e84a212cc0edc78b11c4ba9f,2,2,3,2
dm-test-4e0de0ec6d5b9df174f54d03158de8f30aac861f,3,4,3,4
dm-test-8e6c8aec6808f66ed0342e128a4e146f3ecd627d,4,4,4,4
dm-test-8b59fa7715418c4bcc0d50e3caeb239129de453e,4,5,4,5
dm-test-f26d8400ae49b90d109c165d0f44b8f6ca253c08,4,4,3,4
dm-test-2cfc33d01364162579f46b2764914a03a29453ce,2,4,3,2
dm-test-f26d8400ae49b90d109c165d0f44b8f6ca253c08,1,1,2,2
cnn-test-4761dc6d8bdf56b9ada97104113dd1bcf4aed3f1,5,5,4,5
cnn-test-d75b043ebefc3098aea84d92bb8bec0f509b1563,4,5,3,3
cnn-test-fbbafa743a8c2ecd2cedf65c6c61956b2db8ec5c,4,5,5,4
cnn-test-4761dc6d8bdf56b9ada97104113dd1bcf4aed3f1,4,5,4,5
dm-test-0f0789390d67698283cc87b2e046b5c5cd77edb7,5,5,5,5
dm-test-b255397ee863bd8faf9def57c0f76769153d905e,4,4,3,4
dm-test-b1f6faac3f406edca1e0cad8cce1319c83e62605,2,2,2,4
dm-test-1747dcd6a007ee97954b6b10cde549bf82f6a4eb,4,5,4,5
dm-test-31114653cd606fd3f4b1035f98dedd71f8282cd2,5,5,4,5
dm-test-c6667409fcdea2c89ba9f0d3a72c50e3967b4b1b,4,5,4,4
dm-test-4a593dc4c7e0b4d09bfdc66bb315c47b54eb15df,2,5,2,3
dm-test-4e0de0ec6d5b9df174f54d03158de8f30aac861f,3,2,2,4
dm-test-8e6c8aec6808f66ed0342e128a4e146f3ecd627d,3,4,3,4
dm-test-b1f6faac3f406edca1e0cad8cce1319c83e62605,3,2,2,3
dm-test-b5925c1a02fa9a8f6b1d5ad764c19a732deac0df,3,4,3,4
dm-test-dea0ed2e587495e516ac85056e21a2076a9a993c,3,4,2,4
dm-test-b1f6faac3f406edca1e0cad8cce1319c83e62605,2,3,2,4
dm-test-02c955067d00f38b6978b805d5a8701a787f78ac,3,4,2,4
dm-test-d680ebcdcd59fd5ee9b602a06bcd5230c212835b,5,5,4,5
dm-test-03e271b4305517e02c9ead82d57327d32b99102e,3,5,4,3
dm-test-18243373494a1722ddcd162ec67b63dd749633ab,2,2,2,3
cnn-test-b8b6e729fff27c4eef87887e61d3448de9c063f6,2,4,2,2
dm-test-2abe0f81f5b22c8a406165717e3bd7fce6fe47c6,5,5,4,4
dm-test-4fb64a2298e18626db776fccf834be87388827e0,4,5,4,4
dm-test-03e271b4305517e02c9ead82d57327d32b99102e,2,1,3,3
cnn-test-bcdb32ae644040a721da880fff9c1d502048cd8b,4,4,3,4
dm-test-6372eff07fd3d6f578f90d6115e01747edccc095,4,4,3,4
dm-test-26e4e19d945cedcb489f28808c730658139c9415,5,5,5,5
dm-test-051db270afc32571a08c15124330efe89d80fea8,4,5,3,4
dm-test-0783c68a744df6afa009d16e72709f2b4d90dea1,4,5,3,5
dm-test-9b1af0f993d78353ebd56a1b180e882e751527b3,4,4,3,4
dm-test-d680ebcdcd59fd5ee9b602a06bcd5230c212835b,3,4,4,3
dm-test-d3c9ce137ba24a69253508b3416630465c050ae4,3,4,2,5
cnn-test-e49792c337d3f4c13e22f710efa44cf6a4e59aba,1,1,1,1
dm-test-f37fd6e9b6cc18a7132568e307ef3b130931e809,4,5,3,5
dm-test-dea0ed2e587495e516ac85056e21a2076a9a993c,4,4,3,3
dm-test-02c955067d00f38b6978b805d5a8701a787f78ac,2,2,3,2
dm-test-9b5a04b9879fe716a2dcd66dd331f99534603c16,4,4,4,5
dm-test-0cd10ad50ceef529d96a255ed12ac9cd001ba9db,3,2,4,4
dm-test-096e418a953af86df0d1560bec95bc7bfee2e34b,3,2,3,2
dm-test-7cba80e83b222801fed8d6f96e8c0aa381c54b28,4,5,4,4
dm-test-14c813567696f4e63a39993c09d4edb454036179,4,5,3,4
cnn-test-4761dc6d8bdf56b9ada97104113dd1bcf4aed3f1,4,5,2,5
dm-test-3785743303ddb8b594be7c449a37458b99e83812,4,4,3,4
dm-test-2feca9acf532e33f1ab7442c442c8e19787d8d7b,4,5,3,5
dm-test-6721edf88c95f480a4db2c63649dbb03736aeadf,4,5,4,5
dm-test-808a439a5d83fc47baaea934c8779a7ebc62470d,3,4,2,4
dm-test-998cb27197db1fd299aff3322ac041ba4bf1148f,2,2,1,3
dm-test-9beaaf73e4517d5bf1bc284f386485d571da96cf,4,4,3,3
dm-test-7cba80e83b222801fed8d6f96e8c0aa381c54b28,4,5,3,5
dm-test-6f027d030f9ca86446dc893f1d10ced4c9a3561f,2,2,2,2
dm-test-c50d33e9749e7bb484d9b69c4f5fca35a3a50cb5,5,5,3,5
dm-test-6f027d030f9ca86446dc893f1d10ced4c9a3561f,5,5,5,5
dm-test-18243373494a1722ddcd162ec67b63dd749633ab,1,1,1,2
dm-test-2c6695b438980783754f7db28129ec2fbb3e6e21,3,4,2,5
dm-test-f468efac7b3c54f8c42c2c81dff108c52ebe0d7d,4,5,3,5
dm-test-26e4e19d945cedcb489f28808c730658139c9415,2,3,2,2
dm-test-801763443e6c73e3857039f2223798b2b58bef19,4,5,3,3
dm-test-051db270afc32571a08c15124330efe89d80fea8,3,4,2,3
dm-test-8b51a10370a1219137e231192e65b9cd52238ea6,3,4,2,3
dm-test-051db270afc32571a08c15124330efe89d80fea8,4,4,3,3
dm-test-eeef09d26cf30c2124c0399b08eedc6321fe5d20,4,5,2,4
dm-test-8bc8f134bc3ceaeec0df8f29e96e13d319717ab8,4,4,2,5
dm-test-e470f0a87d7513bf880412524332047020422c3f,3,2,2,3
dm-test-a3b6201aca77b5bdaa5df02d6acee2be66233237,4,5,3,5
dm-test-b5bc2ae78441e4ac08fb01823d5fc0f1627c3166,4,5,3,5
dm-test-0783c68a744df6afa009d16e72709f2b4d90dea1,4,4,4,4
dm-test-8e6c8aec6808f66ed0342e128a4e146f3ecd627d,3,4,2,4
dm-test-998cb27197db1fd299aff3322ac041ba4bf1148f,4,4,3,4
dm-test-d3c9ce137ba24a69253508b3416630465c050ae4,3,4,2,4
dm-test-130ff8f2dfb6ab67861d5924b0ff5acd63c7d8ce,2,2,2,3
dm-test-e428e25bbf8e06643154ce31b7c6fab64c81e857,4,4,3,2
dm-test-31114653cd606fd3f4b1035f98dedd71f8282cd2,3,4,2,4
dm-test-c50d33e9749e7bb484d9b69c4f5fca35a3a50cb5,4,5,5,5
cnn-test-4761dc6d8bdf56b9ada97104113dd1bcf4aed3f1,5,5,4,5
dm-test-4f3b35b540ba05f0f82d71a694ec23dde4dc3e01,4,5,3,5
dm-test-207df192edc1836250b69d1bc5b9e6a38206eb78,4,5,3,5
dm-test-4001b252a072ac149c70840b22299cc6cfab3bae,3,5,5,3
dm-test-b255397ee863bd8faf9def57c0f76769153d905e,4,5,3,5
dm-test-4e0de0ec6d5b9df174f54d03158de8f30aac861f,3,4,3,4
cnn-test-b8b6e729fff27c4eef87887e61d3448de9c063f6,4,5,3,5
dm-test-b1f6faac3f406edca1e0cad8cce1319c83e62605,3,2,2,3
dm-test-a3b6201aca77b5bdaa5df02d6acee2be66233237,3,3,2,2
dm-test-8764fb95bfad8ee849274873a92fb8d6b400eee2,2,2,2,3
dm-test-c6667409fcdea2c89ba9f0d3a72c50e3967b4b1b,4,4,2,4
dm-test-1747dcd6a007ee97954b6b10cde549bf82f6a4eb,4,3,4,4
dm-test-02c955067d00f38b6978b805d5a8701a787f78ac,2,2,3,2
dm-test-9beaaf73e4517d5bf1bc284f386485d571da96cf,4,5,4,4
dm-test-f37fd6e9b6cc18a7132568e307ef3b130931e809,3,4,2,4
dm-test-998cb27197db1fd299aff3322ac041ba4bf1148f,1,1,1,2
dm-test-54b857a66cbd8473d6732e5da52d48612e636a37,5,5,5,5
dm-test-3785743303ddb8b594be7c449a37458b99e83812,4,4,5,4
dm-test-2cfc33d01364162579f46b2764914a03a29453ce,4,4,4,4
cnn-test-bcdb32ae644040a721da880fff9c1d502048cd8b,4,5,3,5
dm-test-8847383b72167c3f3dd2161b5b091b580c8f4da7,4,5,3,5
dm-test-808a439a5d83fc47baaea934c8779a7ebc62470d,4,5,3,4
dm-test-6721edf88c95f480a4db2c63649dbb03736aeadf,4,4,3,3
dm-test-b255397ee863bd8faf9def57c0f76769153d905e,4,4,3,4
dm-test-2abe0f81f5b22c8a406165717e3bd7fce6fe47c6,5,5,5,5
dm-test-130ff8f2dfb6ab67861d5924b0ff5acd63c7d8ce,4,4,3,4
dm-test-2abe0f81f5b22c8a406165717e3bd7fce6fe47c6,4,5,3,4
dm-test-155754e1f2bc83f6836af78703edd4d00f19f381,3,2,2,4
cnn-test-d75b043ebefc3098aea84d92bb8bec0f509b1563,4,5,5,4
dm-test-03e271b4305517e02c9ead82d57327d32b99102e,4,5,3,5
dm-test-1749a22e2b6facaa057213cb9b33261b319bbd2b,3,5,3,4
dm-test-d3c9ce137ba24a69253508b3416630465c050ae4,4,4,3,4
dm-test-2a48112ddee712f2364f128076cb2db555a043b1,2,2,3,2
cnn-test-4761dc6d8bdf56b9ada97104113dd1bcf4aed3f1,2,2,1,2
dm-test-4f3b35b540ba05f0f82d71a694ec23dde4dc3e01,5,5,4,4
dm-test-998cb27197db1fd299aff3322ac041ba4bf1148f,3,2,4,3
dm-test-d296270ab4a4cf20f2d9c1aae7514687806f2b35,5,5,5,5
dm-test-2cf8c2d1d2ceb1980249f77e703f9039e63799d0,2,2,4,3
dm-test-d3c9ce137ba24a69253508b3416630465c050ae4,4,4,4,4
dm-test-23e8c1d71474d239aa9ae37b9a05031b0054b8ce,2,1,2,2
dm-test-bd4684a0f5af5dd6ac88d2fb50f902bd7f10217b,4,4,3,4
dm-test-e06ff0eb7c4fa4416fda84a9a239b15480c5a9d9,3,3,4,3
dm-test-6c1341bedf92a304318545fbf1aad88651de7909,3,2,2,3
dm-test-9beaaf73e4517d5bf1bc284f386485d571da96cf,4,5,4,5
dm-test-0783c68a744df6afa009d16e72709f2b4d90dea1,3,4,2,4
dm-test-b5bc2ae78441e4ac08fb01823d5fc0f1627c3166,2,1,1,2
dm-test-d3c9ce137ba24a69253508b3416630465c050ae4,3,2,3,4
cnn-test-b1c3fc03a2b74cf4c79844c1fe2fdce70a8a436e,4,4,3,5
dm-test-c16c9fa34ccae7e2b9e29c3988ccb74974c4b3c0,4,5,3,5
dm-test-6721edf88c95f480a4db2c63649dbb03736aeadf,4,5,3,4
dm-test-d680ebcdcd59fd5ee9b602a06bcd5230c212835b,3,4,3,4
dm-test-dea0ed2e587495e516ac85056e21a2076a9a993c,5,5,5,4
dm-test-7cba80e83b222801fed8d6f96e8c0aa381c54b28,4,5,3,4
dm-test-02c955067d00f38b6978b805d5a8701a787f78ac,4,5,3,5
dm-test-31114653cd606fd3f4b1035f98dedd71f8282cd2,4,5,3,5
cnn-test-b1c3fc03a2b74cf4c79844c1fe2fdce70a8a436e,4,4,5,4
cnn-test-e2bccd4dec93c9bb7b327827dae004c2d494ec31,3,4,2,3
dm-test-8e6c8aec6808f66ed0342e128a4e146f3ecd627d,4,4,3,4
dm-test-d3c9ce137ba24a69253508b3416630465c050ae4,4,4,3,5
cnn-test-fbbafa743a8c2ecd2cedf65c6c61956b2db8ec5c,4,4,3,2
dm-test-2c6695b438980783754f7db28129ec2fbb3e6e21,2,4,2,4
cnn-test-5139ccfabee55ddb83e7937f5802c0a67aee8975,4,3,5,4
dm-test-0cd10ad50ceef529d96a255ed12ac9cd001ba9db,4,5,3,4
dm-test-130ff8f2dfb6ab67861d5924b0ff5acd63c7d8ce,4,5,4,3
dm-test-632cfdb03aacd90a34a470f6a70b47eee62ec5f0,2,2,2,2
cnn-test-88c2481234e763c9bbc68d0ab1be1d2375c1349a,4,5,4,3
dm-test-6c1341bedf92a304318545fbf1aad88651de7909,3,4,3,3
dm-test-e06ff0eb7c4fa4416fda84a9a239b15480c5a9d9,2,4,2,3
dm-test-8847383b72167c3f3dd2161b5b091b580c8f4da7,5,5,3,5
dm-test-4e0de0ec6d5b9df174f54d03158de8f30aac861f,2,3,3,4
dm-test-6721edf88c95f480a4db2c63649dbb03736aeadf,3,4,2,4
cnn-test-e2bccd4dec93c9bb7b327827dae004c2d494ec31,4,5,3,4
dm-test-f37fd6e9b6cc18a7132568e307ef3b130931e809,4,5,4,5
dm-test-2feca9acf532e33f1ab7442c442c8e19787d8d7b,2,3,2,3
dm-test-6372eff07fd3d6f578f90d6115e01747edccc095,4,5,3,5
dm-test-b255397ee863bd8faf9def57c0f76769153d905e,2,3,2,3
cnn-test-bcdb32ae644040a721da880fff9c1d502048cd8b,3,4,3,4
dm-test-998cb27197db1fd299aff3322ac041ba4bf1148f,5,5,5,3
dm-test-d296270ab4a4cf20f2d9c1aae7514687806f2b35,5,5,4,5
dm-test-fadabe346fe95d33eee71299e6596754768f5246,3,4,2,5
dm-test-fadabe346fe95d33eee71299e6596754768f5246,2,5,2,2
dm-test-4e0de0ec6d5b9df174f54d03158de8f30aac861f,3,2,3,4
dm-test-207df192edc1836250b69d1bc5b9e6a38206eb78,2,2,2,3
dm-test-fadabe346fe95d33eee71299e6596754768f5246,4,4,3,4
dm-test-2c6695b438980783754f7db28129ec2fbb3e6e21,4,5,3,4
dm-test-dea0ed2e587495e516ac85056e21a2076a9a993c,5,5,5,5
dm-test-cf4ba8f94f2dd5604eb8f8a4e655c10cf0996365,5,5,5,4
dm-test-81bd721b16cad47dfd8d24baca5b30b006291db2,2,2,3,2
dm-test-26e4e19d945cedcb489f28808c730658139c9415,5,5,5,5
dm-test-2a48112ddee712f2364f128076cb2db555a043b1,4,5,3,5
cnn-test-a02e362c5b8f049848ce718b37b96117485461cf,3,4,2,4
dm-test-4001b252a072ac149c70840b22299cc6cfab3bae,2,2,1,2
dm-test-8e6c8aec6808f66ed0342e128a4e146f3ecd627d,3,4,3,4
dm-test-f37fd6e9b6cc18a7132568e307ef3b130931e809,4,5,4,4
cnn-test-88c2481234e763c9bbc68d0ab1be1d2375c1349a,3,4,3,4
dm-test-18243373494a1722ddcd162ec67b63dd749633ab,3,2,2,2
dm-test-c50d33e9749e7bb484d9b69c4f5fca35a3a50cb5,4,5,4,4
dm-test-2a48112ddee712f2364f128076cb2db555a043b1,4,5,3,4
cnn-test-d75b043ebefc3098aea84d92bb8bec0f509b1563,5,5,5,4
dm-test-8b51a10370a1219137e231192e65b9cd52238ea6,4,4,2,4
dm-test-8e6c8aec6808f66ed0342e128a4e146f3ecd627d,4,4,3,4
dm-test-23e8c1d71474d239aa9ae37b9a05031b0054b8ce,3,3,2,4
cnn-test-bcdb32ae644040a721da880fff9c1d502048cd8b,3,3,2,3
dm-test-2abe0f81f5b22c8a406165717e3bd7fce6fe47c6,4,5,5,4
dm-test-1747dcd6a007ee97954b6b10cde549bf82f6a4eb,4,5,3,4
dm-test-14c813567696f4e63a39993c09d4edb454036179,2,4,2,4
dm-test-c16c9fa34ccae7e2b9e29c3988ccb74974c4b3c0,3,4,3,4
dm-test-31114653cd606fd3f4b1035f98dedd71f8282cd2,2,2,1,3
dm-test-fadabe346fe95d33eee71299e6596754768f5246,4,4,4,3
dm-test-97bbda7ec22a736cd174b51513c72a6372d13d35,4,5,3,4
dm-test-1747dcd6a007ee97954b6b10cde549bf82f6a4eb,4,5,3,4
dm-test-fadabe346fe95d33eee71299e6596754768f5246,4,2,4,4
dm-test-14c813567696f4e63a39993c09d4edb454036179,4,4,3,4
dm-test-bd4684a0f5af5dd6ac88d2fb50f902bd7f10217b,2,2,2,3
cnn-test-bcdb32ae644040a721da880fff9c1d502048cd8b,5,5,4,5
dm-test-808a439a5d83fc47baaea934c8779a7ebc62470d,4,4,3,5
dm-test-e7d8b6617691ea00d4ddc5fe2b7cbd105ba9a57e,4,4,3,4
dm-test-6c1341bedf92a304318545fbf1aad88651de7909,4,4,3,5
dm-test-e7d8b6617691ea00d4ddc5fe2b7cbd105ba9a57e,4,5,4,5
dm-test-207df192edc1836250b69d1bc5b9e6a38206eb78,4,4,4,5
dm-test-54b857a66cbd8473d6732e5da52d48612e636a37,5,5,5,4
cnn-test-c05bda9b387ec8ae43803170b6f59b4b82505db9,4,5,4,4
dm-test-808a439a5d83fc47baaea934c8779a7ebc62470d,3,4,3,4
dm-test-f468efac7b3c54f8c42c2c81dff108c52ebe0d7d,3,4,2,4
dm-test-7cba80e83b222801fed8d6f96e8c0aa381c54b28,2,1,2,3
dm-test-eeef09d26cf30c2124c0399b08eedc6321fe5d20,3,2,2,4
dm-test-8847383b72167c3f3dd2161b5b091b580c8f4da7,5,5,5,5
dm-test-1747dcd6a007ee97954b6b10cde549bf82f6a4eb,5,5,3,4
dm-test-8764fb95bfad8ee849274873a92fb8d6b400eee2,2,3,2,3
dm-test-6372eff07fd3d6f578f90d6115e01747edccc095,4,4,3,4
dm-test-cf4ba8f94f2dd5604eb8f8a4e655c10cf0996365,3,4,2,3
dm-test-c6667409fcdea2c89ba9f0d3a72c50e3967b4b1b,3,5,4,4
dm-test-2feca9acf532e33f1ab7442c442c8e19787d8d7b,5,5,3,4
dm-test-fadabe346fe95d33eee71299e6596754768f5246,2,1,3,2
dm-test-c6667409fcdea2c89ba9f0d3a72c50e3967b4b1b,2,4,2,4
dm-test-46609841ffd23e9c22d1507edf7b176ecc4d834f,4,5,3,5
dm-test-051db270afc32571a08c15124330efe89d80fea8,4,5,5,3
dm-test-2a48112ddee712f2364f128076cb2db555a043b1,5,5,4,5
dm-test-8b51a10370a1219137e231192e65b9cd52238ea6,2,3,2,2
dm-test-c16c9fa34ccae7e2b9e29c3988ccb74974c4b3c0,4,4,3,4
dm-test-2cfc33d01364162579f46b2764914a03a29453ce,4,4,3,4
dm-test-2feca9acf532e33f1ab7442c442c8e19787d8d7b,4,5,4,4
dm-test-c16c9fa34ccae7e2b9e29c3988ccb74974c4b3c0,5,5,5,5
dm-test-9b1af0f993d78353ebd56a1b180e882e751527b3,4,5,5,5
dm-test-0cd10ad50ceef529d96a255ed12ac9cd001ba9db,4,5,4,5
dm-test-8b59fa7715418c4bcc0d50e3caeb239129de453e,2,1,2,2
dm-test-d3c9ce137ba24a69253508b3416630465c050ae4,3,3,4,4
dm-test-1749a22e2b6facaa057213cb9b33261b319bbd2b,4,4,3,5
cnn-test-a02e362c5b8f049848ce718b37b96117485461cf,2,2,3,2
dm-test-801763443e6c73e3857039f2223798b2b58bef19,4,4,3,4
cnn-test-404f859482d47c127868964a9a39d1a7645dd2e9,5,5,5,5
dm-test-d83b82a9cd504218e604616be3f3c3928e3428b8,4,4,3,4
cnn-test-e2bccd4dec93c9bb7b327827dae004c2d494ec31,5,5,5,5
dm-test-9d0fcbd873927674d12aafce4ae7754fd591d4e2,5,5,3,5
dm-test-9d0fcbd873927674d12aafce4ae7754fd591d4e2,5,5,5,5
dm-test-f5fead94ee884800e84a212cc0edc78b11c4ba9f,4,5,4,4
dm-test-54b857a66cbd8473d6732e5da52d48612e636a37,3,3,3,4
dm-test-c50d33e9749e7bb484d9b69c4f5fca35a3a50cb5,4,5,3,4
dm-test-808a439a5d83fc47baaea934c8779a7ebc62470d,4,5,3,4
cnn-test-fbbafa743a8c2ecd2cedf65c6c61956b2db8ec5c,4,5,4,4
dm-test-2377095dda83df778e34304b7a09813808105d3b,5,5,5,5
cnn-test-4761dc6d8bdf56b9ada97104113dd1bcf4aed3f1,2,4,3,2
dm-test-130ff8f2dfb6ab67861d5924b0ff5acd63c7d8ce,5,5,4,5
dm-test-d89de9c2a76f2665560becfe5d761a4fc62b9926,3,4,2,3
dm-test-eeef09d26cf30c2124c0399b08eedc6321fe5d20,3,4,3,4
dm-test-97bbda7ec22a736cd174b51513c72a6372d13d35,4,4,3,4
dm-test-e470f0a87d7513bf880412524332047020422c3f,4,5,4,5
dm-test-2cf8c2d1d2ceb1980249f77e703f9039e63799d0,5,5,5,4
dm-test-e06ff0eb7c4fa4416fda84a9a239b15480c5a9d9,2,3,2,3
dm-test-81bd721b16cad47dfd8d24baca5b30b006291db2,4,5,5,4
dm-test-18243373494a1722ddcd162ec67b63dd749633ab,3,5,3,5
dm-test-dea0ed2e587495e516ac85056e21a2076a9a993c,4,4,3,4
dm-test-0f0789390d67698283cc87b2e046b5c5cd77edb7,2,1,2,2
dm-test-1747dcd6a007ee97954b6b10cde549bf82f6a4eb,3,5,2,4
dm-test-a3b6201aca77b5bdaa5df02d6acee2be66233237,5,5,5,4
dm-test-0cd10ad50ceef529d96a255ed12ac9cd001ba9db,2,5,2,5
dm-test-e06ff0eb7c4fa4416fda84a9a239b15480c5a9d9,2,3,2,3
dm-test-207df192edc1836250b69d1bc5b9e6a38206eb78,3,4,2,5
dm-test-0783c68a744df6afa009d16e72709f2b4d90dea1,5,5,5,4
dm-test-4a593dc4c7e0b4d09bfdc66bb315c47b54eb15df,5,5,5,5
cnn-test-4761dc6d8bdf56b9ada97104113dd1bcf4aed3f1,2,5,2,4
cnn-test-d75b043ebefc3098aea84d92bb8bec0f509b1563,5,5,5,4
dm-test-9b1af0f993d78353ebd56a1b180e882e751527b3,3,4,4,2
dm-test-0cd10ad50ceef529d96a255ed12ac9cd001ba9db,3,5,3,4
dm-test-3785743303ddb8b594be7c449a37458b99e83812,4,5,4,5
dm-test-97bbda7ec22a736cd174b51513c72a6372d13d35,2,3,2,3
cnn-test-a02e362c5b8f049848ce718b37b96117485461cf,4,5,4,5
dm-test-9b1af0f993d78353ebd56a1b180e882e751527b3,4,5,4,4
dm-test-e43eef75de38d246db9d80216ca9f5487215a78b,4,4,4,4
dm-test-051db270afc32571a08c15124330efe89d80fea8,2,4,2,4
cnn-test-b8b6e729fff27c4eef87887e61d3448de9c063f6,4,5,2,3
dm-test-0cdd7cdb5d99c36f25f1f4fa0e962d558f7ff07b,3,4,4,3
dm-test-9afda3cde191a883d8c166ceb5765eb53205d8f4,4,4,3,4
dm-test-6c1341bedf92a304318545fbf1aad88651de7909,2,2,2,4
dm-test-3ba3bde4a1440134bb38ec22ba50db59986b544c,4,5,4,5
dm-test-155754e1f2bc83f6836af78703edd4d00f19f381,2,4,2,4
dm-test-5be0a9584b051175d9f4842a143b76385335d96a,4,5,3,4
cnn-test-d75b043ebefc3098aea84d92bb8bec0f509b1563,4,5,3,4
dm-test-23e8c1d71474d239aa9ae37b9a05031b0054b8ce,5,5,4,4
dm-test-97bbda7ec22a736cd174b51513c72a6372d13d35,3,4,2,4
cnn-test-5139ccfabee55ddb83e7937f5802c0a67aee8975,2,1,2,2
dm-test-e06ff0eb7c4fa4416fda84a9a239b15480c5a9d9,3,4,2,4
dm-test-cf4ba8f94f2dd5604eb8f8a4e655c10cf0996365,4,3,3,5
dm-test-0cd10ad50ceef529d96a255ed12ac9cd001ba9db,4,5,4,5
dm-test-18243373494a1722ddcd162ec67b63dd749633ab,4,5,5,4
dm-test-e43eef75de38d246db9d80216ca9f5487215a78b,3,4,3,4
dm-test-096e418a953af86df0d1560bec95bc7bfee2e34b,4,5,2,5
dm-test-9d0fcbd873927674d12aafce4ae7754fd591d4e2,4,5,3,4
dm-test-8e6c8aec6808f66ed0342e128a4e146f3ecd627d,2,2,3,3
dm-test-b255397ee863bd8faf9def57c0f76769153d905e,4,5,3,4
dm-test-97bbda7ec22a736cd174b51513c72a6372d13d35,2,1,2,3
dm-test-9b1af0f993d78353ebd56a1b180e882e751527b3,4,5,5,4
dm-test-d296270ab4a4cf20f2d9c1aae7514687806f2b35,4,5,3,5
dm-test-e43eef75de38d246db9d80216ca9f5487215a78b,2,2,3,2
dm-test-1749a22e2b6facaa057213cb9b33261b319bbd2b,3,4,2,2
dm-test-9b5a04b9879fe716a2dcd66dd331f99534603c16,2,3,2,2
dm-test-207df192edc1836250b69d1bc5b9e6a38206eb78,4,4,3,4
dm-test-9d0fcbd873927674d12aafce4ae7754fd591d4e2,4,5,3,5
cnn-test-d75b043ebefc3098aea84d92bb8bec0f509b1563,5,5,5,4
dm-test-2377095dda83df778e34304b7a09813808105d3b,4,4,3,4
cnn-test-e2bccd4dec93c9bb7b327827dae004c2d494ec31,1,2,2,1
dm-test-eeef09d26cf30c2124c0399b08eedc6321fe5d20,3,4,2,3
dm-test-0f0789390d67698283cc87b2e046b5c5cd77edb7,4,5,3,3
dm-test-632cfdb03aacd90a34a470f6a70b47eee62ec5f0,4,5,3,4
dm-test-14c813567696f4e63a39993c09d4edb454036179,4,5,4,4
dm-test-5be0a9584b051175d9f4842a143b76385335d96a,2,4,2,4
dm-test-207df192edc1836250b69d1bc5b9e6a38206eb78,4,5,4,5
dm-test-2377095dda83df778e34304b7a09813808105d3b,5,5,4,5
dm-test-46609841ffd23e9c22d1507edf7b176ecc4d834f,2,1,2,2
dm-test-c50d33e9749e7bb484d9b69c4f5fca35a3a50cb5,2,4,1,4
dm-test-9d0fcbd873927674d12aafce4ae7754fd591d4e2,4,4,2,3
dm-test-5be0a9584b051175d9f4842a143b76385335d96a,4,4,3,4
dm-test-051db270afc32571a08c15124330efe89d80fea8,3,4,2,4
dm-test-c16c9fa34ccae7e2b9e29c3988ccb74974c4b3c0,4,5,3,4
cnn-test-e49792c337d3f4c13e22f710efa44cf6a4e59aba,4,4,3,2
dm-test-0cdd7cdb5d99c36f25f1f4fa0e962d558f7ff07b,5,5,5,4
dm-test-cf4ba8f94f2dd5604eb8f8a4e655c10cf0996365,3,4,2,3
dm-test-3785743303ddb8b594be7c449a37458b99e83812,4,4,2,4
dm-test-632cfdb03aacd90a34a470f6a70b47eee62ec5f0,3,2,3,3
dm-test-2c37d44d03ce2e91310339d884d33ee5aabf9abc,4,4,3,4
dm-test-8b59fa7715418c4bcc0d50e3caeb239129de453e,4,4,3,4
dm-test-2377095dda83df778e34304b7a09813808105d3b,4,4,4,3
cnn-test-c05bda9b387ec8ae43803170b6f59b4b82505db9,4,5,4,5
